/*
    Fonts for the game picker, generated by tools/make_font.py from Segoe UI.

    Each glyph is a tightly cropped alpha bitmap, four bits per pixel, two
    pixels per byte with the left pixel in the high nibble. `left` and `top`
    place the bitmap relative to the pen position and the text baseline,
    `advance` moves the pen on. Codes 32..126 only; anything else prints as a
    question mark.
*/

#ifndef PSXE_UI_FONT_H
#define PSXE_UI_FONT_H

#include <stdint.h>

typedef struct
{
    uint8_t width;
    uint8_t height;
    int8_t left;
    int8_t top;
    uint8_t advance;
    uint16_t offset;
} ui_glyph_t;

typedef struct
{
    const uint8_t *bitmap;
    const ui_glyph_t *glyphs;
    uint8_t first;
    uint8_t count;
    uint8_t line_height;
    uint8_t ascent;
} ui_font_t;

/* ui_font_body: 17 px, 95 glyphs, 5075 bytes of bitmap */
static const uint8_t ui_font_body_bitmap[] = {
    0x04, 0xf1, 0x00, 0x04, 0xf1, 0x00, 0x04, 0xf0, 0x00, 0x04, 0xf0, 0x00, 0x03, 0xf0, 0x00, 0x03, 0xf0, 0x00,
    0x03, 0xf0, 0x00, 0x02, 0xf0, 0x00, 0x00, 0x00, 0x00, 0x00, 0x00, 0x00, 0x04, 0xe2, 0x00, 0x04, 0xe2, 0x00,
    0x0a, 0x90, 0xe5, 0x00, 0x0a, 0x90, 0xe5, 0x00, 0x0a, 0x90, 0xe5, 0x00, 0x0a, 0x90, 0xe5, 0x00, 0x00, 0x00,
    0x00, 0x00, 0x00, 0x00, 0x00, 0x00, 0x00, 0x00, 0x00, 0x00, 0x00, 0x00, 0x00, 0x00, 0x00, 0x00, 0x00, 0x00,
    0x00, 0x00, 0x00, 0x00, 0x00, 0x00, 0x00, 0x00, 0x00, 0x00, 0x00, 0x00, 0x00, 0x01, 0xe0, 0x0e, 0x10, 0x00,
    0x05, 0xb0, 0x3d, 0x00, 0x00, 0x09, 0x70, 0x69, 0x00, 0x0d, 0xef, 0xee, 0xfe, 0xe8, 0x00, 0x0f, 0x10, 0xc3,
    0x00, 0x00, 0x1e, 0x00, 0xf0, 0x00, 0x00, 0x4c, 0x02, 0xe0, 0x00, 0x8e, 0xef, 0xee, 0xfe, 0xd0, 0x00, 0xa5,
    0x08, 0x80, 0x00, 0x00, 0xe2, 0x0c, 0x40, 0x00, 0x02, 0xe0, 0x0f, 0x00, 0x00, 0x00, 0x00, 0x00, 0x00, 0x00,
    0x00, 0x00, 0xc1, 0x00, 0x00, 0x00, 0x3b, 0xff, 0xc3, 0x00, 0x02, 0xf9, 0xd5, 0x85, 0x00, 0x08, 0xd0, 0xc1,
    0x00, 0x00, 0x09, 0xd0, 0xc1, 0x00, 0x00, 0x05, 0xf6, 0xc1, 0x00, 0x00, 0x00, 0x8f, 0xf4, 0x00, 0x00, 0x00,
    0x02, 0xdf, 0xa0, 0x00, 0x00, 0x00, 0xc6, 0xea, 0x00, 0x00, 0x00, 0xc1, 0x6f, 0x00, 0x00, 0x00, 0xc1, 0x6f,
    0x00, 0x08, 0x74, 0xc7, 0xe9, 0x00, 0x04, 0xce, 0xfd, 0x70, 0x00, 0x00, 0x00, 0xc1, 0x00, 0x00, 0x00, 0x00,
    0xc1, 0x00, 0x00, 0x03, 0xce, 0xc3, 0x00, 0x03, 0xe1, 0x00, 0x0e, 0x40, 0x6d, 0x00, 0x0c, 0x50, 0x00, 0x3d,
    0x00, 0x0f, 0x10, 0x7b, 0x00, 0x00, 0x4d, 0x00, 0x0f, 0x12, 0xe2, 0x00, 0x00, 0x1e, 0x40, 0x6c, 0x0b, 0x70,
    0x00, 0x00, 0x04, 0xde, 0xb2, 0x5c, 0x00, 0x00, 0x00, 0x00, 0x00, 0x01, 0xe3, 0x2b, 0xed, 0x40, 0x00, 0x00,
    0x0a, 0x80, 0xd6, 0x05, 0xe0, 0x00, 0x00, 0x4d, 0x02, 0xe0, 0x00, 0xd3, 0x00, 0x00, 0xd4, 0x03, 0xe0, 0x00,
    0xe3, 0x00, 0x08, 0xa0, 0x00, 0xe6, 0x05, 0xd0, 0x00, 0x3e, 0x10, 0x00, 0x3c, 0xec, 0x20, 0x00, 0x06, 0xdf,
    0xd4, 0x00, 0x00, 0x00, 0x00, 0x4f, 0x52, 0x7f, 0x20, 0x00, 0x00, 0x00, 0x9b, 0x00, 0x0f, 0x50, 0x00, 0x00,
    0x00, 0x7d, 0x00, 0x3f, 0x20, 0x4f, 0x00, 0x00, 0x0d, 0xc9, 0xe5, 0x00, 0x4f, 0x00, 0x00, 0x3c, 0xef, 0xa1,
    0x00, 0x6d, 0x00, 0x03, 0xf7, 0x01, 0xbe, 0x20, 0xb9, 0x00, 0x0c, 0xa0, 0x00, 0x0a, 0xd3, 0xf2, 0x00, 0x0f,
    0x60, 0x00, 0x00, 0xdf, 0x90, 0x00, 0x0e, 0x90, 0x00, 0x00, 0xaf, 0x60, 0x00, 0x06, 0xf9, 0x33, 0x6d, 0xd8,
    0xf7, 0x41, 0x00, 0x5c, 0xef, 0xc7, 0x00, 0x7e, 0xf3, 0x0a, 0x90, 0x0a, 0x90, 0x0a, 0x90, 0x0a, 0x90, 0x00,
    0x00, 0x00, 0x00, 0x00, 0x00, 0x00, 0x00, 0x00, 0x00, 0x00, 0x00, 0x00, 0x00, 0x00, 0x00, 0x00, 0x09, 0xa0,
    0x00, 0x4e, 0x00, 0x00, 0xc7, 0x00, 0x03, 0xf0, 0x00, 0x07, 0xc0, 0x00, 0x0a, 0x80, 0x00, 0x0c, 0x70, 0x00,
    0x0d, 0x60, 0x00, 0x0c, 0x60, 0x00, 0x0b, 0x80, 0x00, 0x07, 0xb0, 0x00, 0x03, 0xf0, 0x00, 0x00, 0xc6, 0x00,
    0x00, 0x4e, 0x00, 0x00, 0x09, 0x90, 0x7b, 0x00, 0x00, 0x0c, 0x60, 0x00, 0x04, 0xe0, 0x00, 0x00, 0xe5, 0x00,
    0x00, 0x99, 0x00, 0x00, 0x6d, 0x00, 0x00, 0x4e, 0x00, 0x00, 0x3f, 0x00, 0x00, 0x4e, 0x00, 0x00, 0x5d, 0x00,
    0x00, 0x9a, 0x00, 0x00, 0xd5, 0x00, 0x04, 0xe0, 0x00, 0x0c, 0x70, 0x00, 0x7c, 0x00, 0x00, 0x00, 0x0f, 0x10,
    0x00, 0x00, 0x0e, 0x00, 0x00, 0x2d, 0x7d, 0x6c, 0x40, 0x03, 0x8f, 0xa3, 0x00, 0x00, 0xd4, 0xd1, 0x00, 0x05,
    0x80, 0x77, 0x00, 0x00, 0x00, 0x00, 0x00, 0x00, 0x00, 0x00, 0x00, 0x00, 0x00, 0x00, 0x00, 0x00, 0x00, 0x00,
    0x00, 0x00, 0x00, 0x00, 0x00, 0x00, 0x00, 0x00, 0x00, 0x00, 0x00, 0x0b, 0x60, 0x00, 0x00, 0x00, 0x00, 0x0b,
    0x60, 0x00, 0x00, 0x00, 0x00, 0x0b, 0x60, 0x00, 0x00, 0x01, 0xff, 0xff, 0xff, 0xfb, 0x00, 0x00, 0x11, 0x1c,
    0x71, 0x11, 0x00, 0x00, 0x00, 0x0b, 0x60, 0x00, 0x00, 0x00, 0x00, 0x0b, 0x60, 0x00, 0x00, 0x00, 0x00, 0x01,
    0x00, 0x00, 0x00, 0x00, 0x00, 0x00, 0x00, 0x00, 0x00, 0x0d, 0x70, 0x1f, 0x20, 0x5c, 0x00, 0x87, 0x00, 0x0c,
    0xff, 0xfb, 0x00, 0x00, 0x11, 0x10, 0x00, 0x00, 0x00, 0x00, 0x00, 0x00, 0x00, 0x00, 0x00, 0x00, 0x00, 0x00,
    0x00, 0x0d, 0x90, 0x0d, 0x90, 0x00, 0x00, 0x00, 0xb8, 0x00, 0x00, 0x02, 0xf2, 0x00, 0x00, 0x08, 0xb0, 0x00,
    0x00, 0x0e, 0x50, 0x00, 0x00, 0x5e, 0x00, 0x00, 0x00, 0xc8, 0x00, 0x00, 0x02, 0xf1, 0x00, 0x00, 0x09, 0xa0,
    0x00, 0x00, 0x0f, 0x40, 0x00, 0x00, 0x6d, 0x00, 0x00, 0x00, 0xc7, 0x00, 0x00, 0x03, 0xf1, 0x00, 0x00, 0x0a,
    0xa0, 0x00, 0x00, 0x1f, 0x30, 0x00, 0x00, 0x00, 0x3c, 0xfe, 0x70, 0x00, 0x03, 0xf8, 0x36, 0xf7, 0x00, 0x0b,
    0xb0, 0x00, 0x8f, 0x00, 0x0f, 0x60, 0x00, 0x2f, 0x30, 0x2f, 0x30, 0x00, 0x0f, 0x60, 0x4f, 0x20, 0x00, 0x0f,
    0x70, 0x4f, 0x10, 0x00, 0x0f, 0x70, 0x3f, 0x20, 0x00, 0x0f, 0x50, 0x0f, 0x50, 0x00, 0x2f, 0x20, 0x0c, 0xa0,
    0x00, 0x7d, 0x00, 0x04, 0xf8, 0x36, 0xf5, 0x00, 0x00, 0x5d, 0xfd, 0x50, 0x00, 0x00, 0x00, 0x6e, 0x00, 0x00,
    0x00, 0x8e, 0xef, 0x00, 0x00, 0x01, 0xc5, 0x5f, 0x00, 0x00, 0x00, 0x00, 0x5f, 0x00, 0x00, 0x00, 0x00, 0x5f,
    0x00, 0x00, 0x00, 0x00, 0x5f, 0x00, 0x00, 0x00, 0x00, 0x5f, 0x00, 0x00, 0x00, 0x00, 0x5f, 0x00, 0x00, 0x00,
    0x00, 0x5f, 0x00, 0x00, 0x00, 0x00, 0x5f, 0x00, 0x00, 0x00, 0x00, 0x5f, 0x00, 0x00, 0x00, 0x00, 0x5f, 0x00,
    0x00, 0x00, 0x8e, 0xfc, 0x50, 0x00, 0x09, 0xd5, 0x38, 0xf4, 0x00, 0x06, 0x00, 0x00, 0xcb, 0x00, 0x00, 0x00,
    0x00, 0xab, 0x00, 0x00, 0x00, 0x00, 0xd9, 0x00, 0x00, 0x00, 0x07, 0xf2, 0x00, 0x00, 0x00, 0x8f, 0x40, 0x00,
    0x00, 0x1b, 0xd2, 0x00, 0x00, 0x01, 0xda, 0x00, 0x00, 0x00, 0x0a, 0xb0, 0x00, 0x00, 0x00, 0x0f, 0x83, 0x33,
    0x33, 0x00, 0x1f, 0xff, 0xff, 0xff, 0x40, 0x03, 0xbe, 0xfc, 0x40, 0x00, 0x07, 0x73, 0x3a, 0xf2, 0x00, 0x00,
    0x00, 0x00, 0xf6, 0x00, 0x00, 0x00, 0x00, 0xf5, 0x00, 0x00, 0x00, 0x2b, 0xc0, 0x00, 0x00, 0xcf, 0xfb, 0x10,
    0x00, 0x00, 0x13, 0x4b, 0xe2, 0x00, 0x00, 0x00, 0x00, 0xcb, 0x00, 0x00, 0x00, 0x00, 0x8d, 0x00, 0x00, 0x00,
    0x00, 0xcb, 0x00, 0x0b, 0x53, 0x4a, 0xf2, 0x00, 0x09, 0xdf, 0xea, 0x20, 0x00, 0x00, 0x00, 0x0a, 0xf1, 0x00,
    0x00, 0x00, 0x2f, 0xf1, 0x00, 0x00, 0x00, 0xcb, 0xf1, 0x00, 0x00, 0x06, 0xd4, 0xf1, 0x00, 0x00, 0x2f, 0x34,
    0xf1, 0x00, 0x00, 0xc8, 0x04, 0xf1, 0x00, 0x09, 0xc0, 0x04, 0xf1, 0x00, 0x6e, 0x20, 0x04, 0xf1, 0x00, 0xef,
    0xff, 0xff, 0xff, 0x90, 0x34, 0x44, 0x47, 0xf4, 0x20, 0x00, 0x00, 0x04, 0xf1, 0x00, 0x00, 0x00, 0x04, 0xf1,
    0x00, 0x00, 0xff, 0xff, 0xf8, 0x00, 0x01, 0xf5, 0x33, 0x31, 0x00, 0x02, 0xf1, 0x00, 0x00, 0x00, 0x03, 0xf0,
    0x00, 0x00, 0x00, 0x04, 0xf0, 0x00, 0x00, 0x00, 0x05, 0xff, 0xec, 0x50, 0x00, 0x01, 0x33, 0x4a, 0xf6, 0x00,
    0x00, 0x00, 0x00, 0x9e, 0x00, 0x00, 0x00, 0x00, 0x6f, 0x00, 0x00, 0x00, 0x00, 0xad, 0x00, 0x08, 0x73, 0x49,
    0xf5, 0x00, 0x06, 0xdf, 0xeb, 0x30, 0x00, 0x00, 0x05, 0xcf, 0xe8, 0x00, 0x00, 0x7f, 0x83, 0x59, 0x00, 0x02,
    0xf5, 0x00, 0x00, 0x00, 0x09, 0xd0, 0x00, 0x00, 0x00, 0x0d, 0x80, 0x00, 0x00, 0x00, 0x0f, 0x7a, 0xfe, 0xa2,
    0x00, 0x0f, 0xf8, 0x34, 0xdd, 0x00, 0x0f, 0xa0, 0x00, 0x2f, 0x50, 0x0e, 0x70, 0x00, 0x0f, 0x70, 0x09, 0xb0,
    0x00, 0x2f, 0x40, 0x02, 0xf9, 0x34, 0xdb, 0x00, 0x00, 0x3c, 0xfe, 0x80, 0x00, 0x3f, 0xff, 0xff, 0xff, 0x60,
    0x03, 0x33, 0x33, 0x9e, 0x10, 0x00, 0x00, 0x00, 0xe7, 0x00, 0x00, 0x00, 0x06, 0xe0, 0x00, 0x00, 0x00, 0x0e,
    0x70, 0x00, 0x00, 0x00, 0x5f, 0x10, 0x00, 0x00, 0x00, 0xca, 0x00, 0x00, 0x00, 0x02, 0xf3, 0x00, 0x00, 0x00,
    0x08, 0xe0, 0x00, 0x00, 0x00, 0x0d, 0x90, 0x00, 0x00, 0x00, 0x1f, 0x50, 0x00, 0x00, 0x00, 0x4f, 0x20, 0x00,
    0x00, 0x00, 0x4c, 0xfd, 0x60, 0x00, 0x04, 0xf8, 0x36, 0xf7, 0x00, 0x0a, 0xc0, 0x00, 0x8d, 0x00, 0x0a, 0xb0,
    0x00, 0x8d, 0x00, 0x03, 0xf6, 0x04, 0xe6, 0x00, 0x00, 0x7f, 0xff, 0xa0, 0x00, 0x06, 0xf6, 0x25, 0xea, 0x00,
    0x0f, 0x70, 0x00, 0x3f, 0x30, 0x3f, 0x40, 0x00, 0x0f, 0x60, 0x1f, 0x70, 0x00, 0x4f, 0x50, 0x09, 0xf7, 0x36,
    0xec, 0x00, 0x00, 0x6d, 0xfd, 0x81, 0x00, 0x00, 0x6d, 0xfd, 0x60, 0x00, 0x07, 0xf6, 0x37, 0xf6, 0x00, 0x0f,
    0x60, 0x00, 0x7e, 0x00, 0x3f, 0x30, 0x00, 0x3f, 0x20, 0x1f, 0x60, 0x00, 0x5f, 0x40, 0x0a, 0xf7, 0x47, 0xdf,
    0x40, 0x00, 0x8e, 0xfc, 0x4f, 0x40, 0x00, 0x00, 0x00, 0x3f, 0x10, 0x00, 0x00, 0x00, 0x7d, 0x00, 0x00, 0x00,
    0x01, 0xe7, 0x00, 0x07, 0x63, 0x5d, 0xc0, 0x00, 0x05, 0xdf, 0xe8, 0x00, 0x00, 0x0d, 0x90, 0x0d, 0x90, 0x00,
    0x00, 0x00, 0x00, 0x00, 0x00, 0x00, 0x00, 0x00, 0x00, 0x0d, 0x90, 0x0d, 0x90, 0x0d, 0x90, 0x0d, 0x90, 0x00,
    0x00, 0x00, 0x00, 0x00, 0x00, 0x00, 0x00, 0x00, 0x00, 0x0d, 0x70, 0x1f, 0x20, 0x5c, 0x00, 0x87, 0x00, 0x00,
    0x00, 0x00, 0x00, 0x85, 0x00, 0x00, 0x00, 0x00, 0x6e, 0xb2, 0x00, 0x00, 0x00, 0x4d, 0xc4, 0x00, 0x00, 0x00,
    0x2b, 0xe5, 0x00, 0x00, 0x00, 0x00, 0x7f, 0xa2, 0x00, 0x00, 0x00, 0x00, 0x01, 0x9f, 0x92, 0x00, 0x00, 0x00,
    0x00, 0x01, 0x9f, 0xa1, 0x00, 0x00, 0x00, 0x00, 0x01, 0x85, 0x00, 0x00, 0x00, 0x00, 0x00, 0x00, 0x00, 0x01,
    0xff, 0xff, 0xff, 0xfb, 0x00, 0x00, 0x11, 0x11, 0x11, 0x11, 0x00, 0x00, 0x00, 0x00, 0x00, 0x00, 0x00, 0x00,
    0x00, 0x00, 0x00, 0x00, 0x00, 0x01, 0xff, 0xff, 0xff, 0xfb, 0x00, 0x00, 0x11, 0x11, 0x11, 0x11, 0x00, 0x00,
    0x00, 0x00, 0x00, 0x00, 0x00, 0x00, 0x94, 0x00, 0x00, 0x00, 0x00, 0x00, 0x5e, 0xc3, 0x00, 0x00, 0x00, 0x00,
    0x00, 0x7e, 0xa1, 0x00, 0x00, 0x00, 0x00, 0x01, 0x8f, 0x80, 0x00, 0x00, 0x00, 0x00, 0x4c, 0xe3, 0x00, 0x00,
    0x00, 0x4c, 0xd6, 0x00, 0x00, 0x00, 0x4c, 0xd6, 0x00, 0x00, 0x00, 0x00, 0x96, 0x00, 0x00, 0x00, 0x00, 0x00,
    0x00, 0x00, 0x00, 0x00, 0x00, 0x06, 0xcf, 0xe9, 0x00, 0x0c, 0x53, 0x6f, 0x80, 0x00, 0x00, 0x09, 0xb0, 0x00,
    0x00, 0x0d, 0x70, 0x00, 0x00, 0xba, 0x00, 0x00, 0x0c, 0x90, 0x00, 0x00, 0x4f, 0x00, 0x00, 0x00, 0x5f, 0x00,
    0x00, 0x00, 0x00, 0x00, 0x00, 0x00, 0x00, 0x00, 0x00, 0x00, 0x3e, 0x40, 0x00, 0x00, 0x3e, 0x40, 0x00, 0x00,
    0x00, 0x06, 0xce, 0xfe, 0xa4, 0x00, 0x00, 0x00, 0x02, 0xda, 0x30, 0x01, 0x5d, 0xa0, 0x00, 0x00, 0x1e, 0x70,
    0x00, 0x00, 0x00, 0xb9, 0x00, 0x00, 0xa9, 0x00, 0x7e, 0xe7, 0xf0, 0x1f, 0x30, 0x01, 0xf1, 0x06, 0xd2, 0x0b,
    0xe0, 0x09, 0x90, 0x06, 0xc0, 0x0d, 0x50, 0x06, 0xd0, 0x06, 0xc0, 0x08, 0x90, 0x2f, 0x00, 0x06, 0xb0, 0x05,
    0xc0, 0x08, 0x90, 0x3e, 0x00, 0x07, 0xa0, 0x06, 0xa0, 0x07, 0xb0, 0x2f, 0x00, 0x0c, 0xa0, 0x0b, 0x60, 0x03,
    0xe0, 0x0d, 0x70, 0x69, 0xd0, 0x5e, 0x00, 0x00, 0xd6, 0x03, 0xdf, 0x90, 0xbf, 0xc2, 0x00, 0x00, 0x4f, 0x40,
    0x00, 0x00, 0x00, 0x00, 0x00, 0x00, 0x05, 0xe9, 0x30, 0x02, 0x69, 0x00, 0x00, 0x00, 0x00, 0x18, 0xdf, 0xfe,
    0xa4, 0x00, 0x00, 0x00, 0x00, 0x7f, 0x60, 0x00, 0x00, 0x00, 0x00, 0xdb, 0xc0, 0x00, 0x00, 0x00, 0x03, 0xf2,
    0xf2, 0x00, 0x00, 0x00, 0x09, 0xa0, 0xc8, 0x00, 0x00, 0x00, 0x0e, 0x40, 0x6e, 0x00, 0x00, 0x00, 0x5e, 0x00,
    0x1f, 0x40, 0x00, 0x00, 0xb9, 0x00, 0x0a, 0xa0, 0x00, 0x01, 0xff, 0xff, 0xff, 0xf1, 0x00, 0x07, 0xd4, 0x44,
    0x44, 0xe7, 0x00, 0x0d, 0x80, 0x00, 0x00, 0x9d, 0x00, 0x3f, 0x30, 0x00, 0x00, 0x4f, 0x30, 0x9e, 0x00, 0x00,
    0x00, 0x0e, 0x90, 0x07, 0xff, 0xfe, 0xb2, 0x00, 0x07, 0xf4, 0x46, 0xde, 0x00, 0x07, 0xf0, 0x00, 0x4f, 0x30,
    0x07, 0xf0, 0x00, 0x4f, 0x20, 0x07, 0xf0, 0x03, 0xd9, 0x00, 0x07, 0xff, 0xff, 0xc1, 0x00, 0x07, 0xf4, 0x45,
    0xbf, 0x30, 0x07, 0xf0, 0x00, 0x0d, 0xb0, 0x07, 0xf0, 0x00, 0x09, 0xd0, 0x07, 0xf0, 0x00, 0x0d, 0xb0, 0x07,
    0xf4, 0x45, 0xbf, 0x40, 0x07, 0xff, 0xfe, 0xb3, 0x00, 0x00, 0x01, 0x8d, 0xff, 0xd6, 0x00, 0x00, 0x4f, 0xd7,
    0x45, 0x89, 0x00, 0x02, 0xfa, 0x00, 0x00, 0x00, 0x00, 0x0a, 0xd0, 0x00, 0x00, 0x00, 0x00, 0x0f, 0x70, 0x00,
    0x00, 0x00, 0x00, 0x2f, 0x40, 0x00, 0x00, 0x00, 0x00, 0x3f, 0x40, 0x00, 0x00, 0x00, 0x00, 0x1f, 0x60, 0x00,
    0x00, 0x00, 0x00, 0x0d, 0xc0, 0x00, 0x00, 0x00, 0x00, 0x05, 0xf7, 0x00, 0x00, 0x00, 0x00, 0x00, 0x8f, 0xb6,
    0x45, 0x89, 0x00, 0x00, 0x04, 0xbe, 0xfe, 0xb4, 0x00, 0x07, 0xff, 0xff, 0xda, 0x30, 0x00, 0x07, 0xf4, 0x44,
    0x7c, 0xf8, 0x00, 0x07, 0xf0, 0x00, 0x00, 0x8f, 0x50, 0x07, 0xf0, 0x00, 0x00, 0x0c, 0xc0, 0x07, 0xf0, 0x00,
    0x00, 0x07, 0xf0, 0x07, 0xf0, 0x00, 0x00, 0x05, 0xf1, 0x07, 0xf0, 0x00, 0x00, 0x06, 0xf1, 0x07, 0xf0, 0x00,
    0x00, 0x08, 0xe0, 0x07, 0xf0, 0x00, 0x00, 0x0e, 0x90, 0x07, 0xf0, 0x00, 0x00, 0xbe, 0x10, 0x07, 0xf4, 0x45,
    0x8e, 0xe3, 0x00, 0x07, 0xff, 0xff, 0xc7, 0x10, 0x00, 0x07, 0xff, 0xff, 0xf9, 0x00, 0x07, 0xf4, 0x44, 0x42,
    0x00, 0x07, 0xf0, 0x00, 0x00, 0x00, 0x07, 0xf0, 0x00, 0x00, 0x00, 0x07, 0xf0, 0x00, 0x00, 0x00, 0x07, 0xff,
    0xff, 0xf4, 0x00, 0x07, 0xf4, 0x44, 0x41, 0x00, 0x07, 0xf0, 0x00, 0x00, 0x00, 0x07, 0xf0, 0x00, 0x00, 0x00,
    0x07, 0xf0, 0x00, 0x00, 0x00, 0x07, 0xf4, 0x44, 0x43, 0x00, 0x07, 0xff, 0xff, 0xfe, 0x00, 0x07, 0xff, 0xff,
    0xf9, 0x07, 0xf4, 0x44, 0x42, 0x07, 0xf0, 0x00, 0x00, 0x07, 0xf0, 0x00, 0x00, 0x07, 0xf0, 0x00, 0x00, 0x07,
    0xff, 0xff, 0xf4, 0x07, 0xf4, 0x44, 0x41, 0x07, 0xf0, 0x00, 0x00, 0x07, 0xf0, 0x00, 0x00, 0x07, 0xf0, 0x00,
    0x00, 0x07, 0xf0, 0x00, 0x00, 0x07, 0xf0, 0x00, 0x00, 0x00, 0x01, 0x8d, 0xff, 0xda, 0x10, 0x00, 0x3e, 0xd7,
    0x45, 0x7c, 0x30, 0x02, 0xfa, 0x00, 0x00, 0x00, 0x00, 0x0a, 0xd0, 0x00, 0x00, 0x00, 0x00, 0x0f, 0x70, 0x00,
    0x00, 0x00, 0x00, 0x2f, 0x40, 0x00, 0x00, 0x00, 0x00, 0x3f, 0x40, 0x00, 0x8f, 0xff, 0x70, 0x1f, 0x60, 0x00,
    0x24, 0x4f, 0x70, 0x0d, 0xc0, 0x00, 0x00, 0x0f, 0x70, 0x05, 0xf7, 0x00, 0x00, 0x0f, 0x70, 0x00, 0x8f, 0xb6,
    0x45, 0x9f, 0x70, 0x00, 0x04, 0xbe, 0xfe, 0xb6, 0x00, 0x07, 0xf0, 0x00, 0x00, 0x0e, 0x80, 0x07, 0xf0, 0x00,
    0x00, 0x0e, 0x80, 0x07, 0xf0, 0x00, 0x00, 0x0e, 0x80, 0x07, 0xf0, 0x00, 0x00, 0x0e, 0x80, 0x07, 0xf0, 0x00,
    0x00, 0x0e, 0x80, 0x07, 0xff, 0xff, 0xff, 0xff, 0x80, 0x07, 0xf4, 0x44, 0x44, 0x4e, 0x80, 0x07, 0xf0, 0x00,
    0x00, 0x0e, 0x80, 0x07, 0xf0, 0x00, 0x00, 0x0e, 0x80, 0x07, 0xf0, 0x00, 0x00, 0x0e, 0x80, 0x07, 0xf0, 0x00,
    0x00, 0x0e, 0x80, 0x07, 0xf0, 0x00, 0x00, 0x0e, 0x80, 0x07, 0xf0, 0x00, 0x07, 0xf0, 0x00, 0x07, 0xf0, 0x00,
    0x07, 0xf0, 0x00, 0x07, 0xf0, 0x00, 0x07, 0xf0, 0x00, 0x07, 0xf0, 0x00, 0x07, 0xf0, 0x00, 0x07, 0xf0, 0x00,
    0x07, 0xf0, 0x00, 0x07, 0xf0, 0x00, 0x07, 0xf0, 0x00, 0x00, 0x0c, 0x90, 0x00, 0x0c, 0x90, 0x00, 0x0c, 0x90,
    0x00, 0x0c, 0x90, 0x00, 0x0c, 0x90, 0x00, 0x0c, 0x90, 0x00, 0x0c, 0x90, 0x00, 0x0c, 0x90, 0x00, 0x0d, 0x70,
    0x00, 0x1f, 0x50, 0x75, 0xcd, 0x00, 0xbf, 0xb2, 0x00, 0x07, 0xf0, 0x00, 0x0a, 0xe2, 0x07, 0xf0, 0x00, 0x8f,
    0x30, 0x07, 0xf0, 0x06, 0xf4, 0x00, 0x07, 0xf0, 0x4f, 0x60, 0x00, 0x07, 0xf2, 0xe7, 0x00, 0x00, 0x07, 0xfd,
    0xa0, 0x00, 0x00, 0x07, 0xfb, 0xe2, 0x00, 0x00, 0x07, 0xf0, 0xdd, 0x10, 0x00, 0x07, 0xf0, 0x1e, 0xc0, 0x00,
    0x07, 0xf0, 0x03, 0xfa, 0x00, 0x07, 0xf0, 0x00, 0x5f, 0x80, 0x07, 0xf0, 0x00, 0x08, 0xf6, 0x07, 0xf0, 0x00,
    0x00, 0x07, 0xf0, 0x00, 0x00, 0x07, 0xf0, 0x00, 0x00, 0x07, 0xf0, 0x00, 0x00, 0x07, 0xf0, 0x00, 0x00, 0x07,
    0xf0, 0x00, 0x00, 0x07, 0xf0, 0x00, 0x00, 0x07, 0xf0, 0x00, 0x00, 0x07, 0xf0, 0x00, 0x00, 0x07, 0xf0, 0x00,
    0x00, 0x07, 0xf4, 0x44, 0x43, 0x07, 0xff, 0xff, 0xfb, 0x07, 0xf9, 0x00, 0x00, 0x00, 0x04, 0xfb, 0x00, 0x07,
    0xff, 0x10, 0x00, 0x00, 0x0b, 0xfb, 0x00, 0x07, 0xee, 0x70, 0x00, 0x00, 0x2f, 0xcb, 0x00, 0x07, 0xe7, 0xe0,
    0x00, 0x00, 0x9b, 0xab, 0x00, 0x07, 0xe1, 0xf5, 0x00, 0x01, 0xf4, 0xbb, 0x00, 0x07, 0xe0, 0x9c, 0x00, 0x08,
    0xd0, 0xbb, 0x00, 0x07, 0xe0, 0x2f, 0x30, 0x0e, 0x60, 0xbb, 0x00, 0x07, 0xe0, 0x0b, 0xa0, 0x6e, 0x00, 0xbb,
    0x00, 0x07, 0xe0, 0x04, 0xf2, 0xd8, 0x00, 0xbb, 0x00, 0x07, 0xe0, 0x00, 0xdb, 0xf1, 0x00, 0xbb, 0x00, 0x07,
    0xe0, 0x00, 0x6f, 0xa0, 0x00, 0xbb, 0x00, 0x07, 0xe0, 0x00, 0x0e, 0x30, 0x00, 0xbb, 0x00, 0x07, 0xfb, 0x00,
    0x00, 0x03, 0xf2, 0x00, 0x07, 0xff, 0x50, 0x00, 0x03, 0xf2, 0x00, 0x07, 0xe9, 0xe0, 0x00, 0x03, 0xf2, 0x00,
    0x07, 0xf1, 0xe9, 0x00, 0x03, 0xf2, 0x00, 0x07, 0xf0, 0x5f, 0x30, 0x03, 0xf2, 0x00, 0x07, 0xf0, 0x0b, 0xd0,
    0x03, 0xf2, 0x00, 0x07, 0xf0, 0x01, 0xf7, 0x03, 0xf2, 0x00, 0x07, 0xf0, 0x00, 0x6f, 0x23, 0xf2, 0x00, 0x07,
    0xf0, 0x00, 0x0c, 0xb3, 0xf2, 0x00, 0x07, 0xf0, 0x00, 0x02, 0xf9, 0xf2, 0x00, 0x07, 0xf0, 0x00, 0x00, 0x8f,
    0xf2, 0x00, 0x07, 0xf0, 0x00, 0x00, 0x0d, 0xf2, 0x00, 0x00, 0x03, 0xae, 0xfe, 0xa3, 0x00, 0x00, 0x00, 0x7f,
    0xb6, 0x46, 0xcf, 0x50, 0x00, 0x04, 0xf8, 0x00, 0x00, 0x09, 0xf2, 0x00, 0x0c, 0xc0, 0x00, 0x00, 0x00, 0xea,
    0x00, 0x0f, 0x60, 0x00, 0x00, 0x00, 0x9e, 0x00, 0x2f, 0x40, 0x00, 0x00, 0x00, 0x7f, 0x00, 0x3f, 0x40, 0x00,
    0x00, 0x00, 0x7f, 0x00, 0x1f, 0x60, 0x00, 0x00, 0x00, 0x9d, 0x00, 0x0d, 0xc0, 0x00, 0x00, 0x00, 0xe9, 0x00,
    0x05, 0xf7, 0x00, 0x00, 0x09, 0xf2, 0x00, 0x00, 0x8f, 0xb5, 0x46, 0xcf, 0x50, 0x00, 0x00, 0x04, 0xbe, 0xfe,
    0xa2, 0x00, 0x00, 0x07, 0xff, 0xfe, 0xb3, 0x00, 0x07, 0xf4, 0x46, 0xcf, 0x40, 0x07, 0xf0, 0x00, 0x0d, 0xb0,
    0x07, 0xf0, 0x00, 0x0a, 0xd0, 0x07, 0xf0, 0x00, 0x0d, 0xb0, 0x07, 0xf0, 0x02, 0xaf, 0x40, 0x07, 0xff, 0xff,
    0xe5, 0x00, 0x07, 0xf4, 0x42, 0x00, 0x00, 0x07, 0xf0, 0x00, 0x00, 0x00, 0x07, 0xf0, 0x00, 0x00, 0x00, 0x07,
    0xf0, 0x00, 0x00, 0x00, 0x07, 0xf0, 0x00, 0x00, 0x00, 0x00, 0x03, 0xae, 0xfe, 0xa3, 0x00, 0x00, 0x00, 0x7f,
    0xb6, 0x46, 0xcf, 0x50, 0x00, 0x04, 0xf8, 0x00, 0x00, 0x09, 0xf2, 0x00, 0x0c, 0xc0, 0x00, 0x00, 0x00, 0xea,
    0x00, 0x0f, 0x60, 0x00, 0x00, 0x00, 0x9e, 0x00, 0x2f, 0x40, 0x00, 0x00, 0x00, 0x7f, 0x00, 0x3f, 0x40, 0x00,
    0x00, 0x00, 0x7f, 0x00, 0x1f, 0x60, 0x00, 0x00, 0x00, 0x9d, 0x00, 0x0d, 0xc0, 0x00, 0x00, 0x00, 0xe9, 0x00,
    0x05, 0xf7, 0x00, 0x00, 0x09, 0xf2, 0x00, 0x00, 0x8f, 0xb5, 0x46, 0xcf, 0x50, 0x00, 0x00, 0x04, 0xbe, 0xfe,
    0xdf, 0x80, 0x00, 0x00, 0x00, 0x00, 0x00, 0x06, 0xee, 0x50, 0x07, 0xff, 0xff, 0xc4, 0x00, 0x00, 0x07, 0xf4,
    0x45, 0xcf, 0x30, 0x00, 0x07, 0xf0, 0x00, 0x0e, 0xa0, 0x00, 0x07, 0xf0, 0x00, 0x0c, 0xa0, 0x00, 0x07, 0xf0,
    0x00, 0x1f, 0x70, 0x00, 0x07, 0xf4, 0x46, 0xdc, 0x00, 0x00, 0x07, 0xff, 0xff, 0x90, 0x00, 0x00, 0x07, 0xf0,
    0x18, 0xf3, 0x00, 0x00, 0x07, 0xf0, 0x00, 0xbd, 0x00, 0x00, 0x07, 0xf0, 0x00, 0x1f, 0x80, 0x00, 0x07, 0xf0,
    0x00, 0x07, 0xf2, 0x00, 0x07, 0xf0, 0x00, 0x00, 0xdc, 0x00, 0x00, 0x4b, 0xef, 0xe7, 0x00, 0x06, 0xf9, 0x55,
    0x79, 0x00, 0x0e, 0xa0, 0x00, 0x00, 0x00, 0x0e, 0x90, 0x00, 0x00, 0x00, 0x08, 0xf7, 0x00, 0x00, 0x00, 0x00,
    0x8f, 0xd5, 0x00, 0x00, 0x00, 0x02, 0xaf, 0xc1, 0x00, 0x00, 0x00, 0x03, 0xec, 0x00, 0x00, 0x00, 0x00, 0x6f,
    0x20, 0x00, 0x00, 0x00, 0x6f, 0x20, 0x0c, 0x74, 0x47, 0xea, 0x00, 0x0c, 0xef, 0xfd, 0x70, 0x00, 0xaf, 0xff,
    0xff, 0xff, 0x90, 0x24, 0x47, 0xf6, 0x44, 0x20, 0x00, 0x03, 0xf2, 0x00, 0x00, 0x00, 0x03, 0xf2, 0x00, 0x00,
    0x00, 0x03, 0xf2, 0x00, 0x00, 0x00, 0x03, 0xf2, 0x00, 0x00, 0x00, 0x03, 0xf2, 0x00, 0x00, 0x00, 0x03, 0xf2,
    0x00, 0x00, 0x00, 0x03, 0xf2, 0x00, 0x00, 0x00, 0x03, 0xf2, 0x00, 0x00, 0x00, 0x03, 0xf2, 0x00, 0x00, 0x00,
    0x03, 0xf2, 0x00, 0x00, 0x09, 0xd0, 0x00, 0x00, 0x2f, 0x40, 0x09, 0xd0, 0x00, 0x00, 0x2f, 0x40, 0x09, 0xd0,
    0x00, 0x00, 0x2f, 0x40, 0x09, 0xd0, 0x00, 0x00, 0x2f, 0x40, 0x09, 0xd0, 0x00, 0x00, 0x2f, 0x40, 0x09, 0xd0,
    0x00, 0x00, 0x2f, 0x40, 0x09, 0xd0, 0x00, 0x00, 0x2f, 0x40, 0x09, 0xd0, 0x00, 0x00, 0x2f, 0x30, 0x07, 0xf0,
    0x00, 0x00, 0x4f, 0x20, 0x03, 0xf6, 0x00, 0x00, 0xad, 0x00, 0x00, 0xbf, 0x95, 0x5b, 0xf4, 0x00, 0x00, 0x08,
    0xdf, 0xfb, 0x40, 0x00, 0xad, 0x00, 0x00, 0x00, 0x4f, 0x30, 0x4f, 0x30, 0x00, 0x00, 0xad, 0x00, 0x0e, 0x90,
    0x00, 0x00, 0xf7, 0x00, 0x09, 0xe0, 0x00, 0x05, 0xf2, 0x00, 0x03, 0xf4, 0x00, 0x0b, 0xc0, 0x00, 0x00, 0xd9,
    0x00, 0x1f, 0x60, 0x00, 0x00, 0x8e, 0x00, 0x6f, 0x00, 0x00, 0x00, 0x2f, 0x40, 0xba, 0x00, 0x00, 0x00, 0x0c,
    0xa1, 0xf4, 0x00, 0x00, 0x00, 0x06, 0xf7, 0xe0, 0x00, 0x00, 0x00, 0x01, 0xfe, 0x80, 0x00, 0x00, 0x00, 0x00,
    0xbf, 0x20, 0x00, 0x00, 0xae, 0x00, 0x00, 0x0b, 0xe0, 0x00, 0x00, 0xf8, 0x5f, 0x20, 0x00, 0x0f, 0xf2, 0x00,
    0x03, 0xf4, 0x1f, 0x60, 0x00, 0x4e, 0xe6, 0x00, 0x08, 0xf0, 0x0c, 0xb0, 0x00, 0x9b, 0xbb, 0x00, 0x0c, 0xb0,
    0x07, 0xf0, 0x00, 0xe6, 0x6f, 0x00, 0x0f, 0x60, 0x03, 0xf4, 0x02, 0xf2, 0x2f, 0x30, 0x4f, 0x20, 0x00, 0xe8,
    0x07, 0xd0, 0x0d, 0x80, 0x9d, 0x00, 0x00, 0x9c, 0x0b, 0x90, 0x09, 0xc0, 0xd9, 0x00, 0x00, 0x5f, 0x2f, 0x40,
    0x04, 0xf2, 0xf4, 0x00, 0x00, 0x0f, 0x9f, 0x00, 0x00, 0xfa, 0xf0, 0x00, 0x00, 0x0b, 0xfb, 0x00, 0x00, 0xcf,
    0xb0, 0x00, 0x00, 0x07, 0xf7, 0x00, 0x00, 0x7f, 0x70, 0x00, 0x2f, 0x80, 0x00, 0x03, 0xf6, 0x08, 0xf2, 0x00,
    0x0c, 0xc0, 0x00, 0xea, 0x00, 0x6f, 0x20, 0x00, 0x5f, 0x41, 0xe8, 0x00, 0x00, 0x0b, 0xc9, 0xd0, 0x00, 0x00,
    0x02, 0xff, 0x40, 0x00, 0x00, 0x02, 0xff, 0x50, 0x00, 0x00, 0x0c, 0xa9, 0xe0, 0x00, 0x00, 0x7f, 0x11, 0xe9,
    0x00, 0x02, 0xf7, 0x00, 0x6f, 0x30, 0x0c, 0xd0, 0x00, 0x0c, 0xd0, 0x7f, 0x30, 0x00, 0x03, 0xf7, 0x9e, 0x00,
    0x00, 0x06, 0xf1, 0x2f, 0x60, 0x00, 0x0d, 0x80, 0x0a, 0xc0, 0x00, 0x5f, 0x10, 0x03, 0xf3, 0x00, 0xc9, 0x00,
    0x00, 0xba, 0x03, 0xf1, 0x00, 0x00, 0x3f, 0x1a, 0x90, 0x00, 0x00, 0x0c, 0x9f, 0x20, 0x00, 0x00, 0x04, 0xf9,
    0x00, 0x00, 0x00, 0x00, 0xf6, 0x00, 0x00, 0x00, 0x00, 0xf6, 0x00, 0x00, 0x00, 0x00, 0xf6, 0x00, 0x00, 0x00,
    0x00, 0xf6, 0x00, 0x00, 0x2f, 0xff, 0xff, 0xff, 0xf3, 0x04, 0x44, 0x44, 0x5f, 0x80, 0x00, 0x00, 0x00, 0xad,
    0x00, 0x00, 0x00, 0x04, 0xf3, 0x00, 0x00, 0x00, 0x1e, 0x80, 0x00, 0x00, 0x00, 0xad, 0x00, 0x00, 0x00, 0x04,
    0xf3, 0x00, 0x00, 0x00, 0x1e, 0x80, 0x00, 0x00, 0x00, 0xad, 0x00, 0x00, 0x00, 0x04, 0xf3, 0x00, 0x00, 0x00,
    0x1e, 0xb4, 0x44, 0x44, 0x40, 0x9f, 0xff, 0xff, 0xff, 0xf2, 0x05, 0xff, 0xb0, 0x05, 0xe0, 0x00, 0x05, 0xe0,
    0x00, 0x05, 0xe0, 0x00, 0x05, 0xe0, 0x00, 0x05, 0xe0, 0x00, 0x05, 0xe0, 0x00, 0x05, 0xe0, 0x00, 0x05, 0xe0,
    0x00, 0x05, 0xe0, 0x00, 0x05, 0xe0, 0x00, 0x05, 0xe0, 0x00, 0x05, 0xe0, 0x00, 0x05, 0xe0, 0x00, 0x05, 0xff,
    0xb0, 0x0f, 0x40, 0x00, 0x00, 0x09, 0xa0, 0x00, 0x00, 0x03, 0xf1, 0x00, 0x00, 0x00, 0xd7, 0x00, 0x00, 0x00,
    0x6d, 0x00, 0x00, 0x00, 0x0f, 0x30, 0x00, 0x00, 0x0a, 0xa0, 0x00, 0x00, 0x03, 0xf1, 0x00, 0x00, 0x00, 0xd7,
    0x00, 0x00, 0x00, 0x6d, 0x00, 0x00, 0x00, 0x1f, 0x30, 0x00, 0x00, 0x0a, 0xa0, 0x00, 0x00, 0x03, 0xf1, 0x00,
    0x00, 0x00, 0xd6, 0x8f, 0xf7, 0x00, 0x00, 0xb7, 0x00, 0x00, 0xb7, 0x00, 0x00, 0xb7, 0x00, 0x00, 0xb7, 0x00,
    0x00, 0xb7, 0x00, 0x00, 0xb7, 0x00, 0x00, 0xb7, 0x00, 0x00, 0xb7, 0x00, 0x00, 0xb7, 0x00, 0x00, 0xb7, 0x00,
    0x00, 0xb7, 0x00, 0x00, 0xb7, 0x00, 0x00, 0xb7, 0x00, 0x8f, 0xf7, 0x00, 0x00, 0x00, 0x0d, 0x30, 0x00, 0x00,
    0x00, 0x00, 0x5f, 0xc0, 0x00, 0x00, 0x00, 0x00, 0xd5, 0xd4, 0x00, 0x00, 0x00, 0x05, 0xd0, 0x5d, 0x00, 0x00,
    0x00, 0x0d, 0x50, 0x0d, 0x60, 0x00, 0x00, 0x5d, 0x00, 0x04, 0xe0, 0x00, 0x00, 0xd5, 0x00, 0x00, 0xc7, 0x00,
    0x00, 0x00, 0x00, 0x00, 0x00, 0x00, 0x00, 0x00, 0x00, 0x00, 0x00, 0x00, 0x00, 0x00, 0x00, 0x00, 0x00, 0x00,
    0x00, 0x00, 0x00, 0x00, 0x00, 0x00, 0x00, 0x00, 0x00, 0x00, 0x00, 0x00, 0x00, 0x00, 0x00, 0x00, 0xff, 0xff,
    0xff, 0xf0, 0x1e, 0x60, 0x00, 0x03, 0xe1, 0x00, 0x00, 0x89, 0x00, 0x00, 0x00, 0x00, 0x00, 0x00, 0x00, 0x00,
    0x00, 0x00, 0x00, 0x00, 0x00, 0x00, 0x00, 0x00, 0x00, 0x00, 0x00, 0x00, 0x00, 0x00, 0x00, 0x00, 0x00, 0x00,
    0x00, 0x00, 0x00, 0x00, 0x00, 0x02, 0xae, 0xfd, 0x40, 0x00, 0x06, 0x84, 0x29, 0xf1, 0x00, 0x00, 0x00, 0x00,
    0xf5, 0x00, 0x00, 0x49, 0xce, 0xf7, 0x00, 0x09, 0xf8, 0x52, 0xe7, 0x00, 0x1f, 0x50, 0x00, 0xf7, 0x00, 0x3f,
    0x30, 0x04, 0xf7, 0x00, 0x0e, 0xb3, 0x5d, 0xf7, 0x00, 0x04, 0xdf, 0xc3, 0xe7, 0x00, 0x0a, 0xb0, 0x00, 0x00,
    0x00, 0x0a, 0xb0, 0x00, 0x00, 0x00, 0x0a, 0xb0, 0x00, 0x00, 0x00, 0x0a, 0xb0, 0x00, 0x00, 0x00, 0x0a, 0xb3,
    0xcf, 0xe7, 0x00, 0x0a, 0xdd, 0x53, 0x7f, 0x70, 0x0a, 0xf2, 0x00, 0x09, 0xe0, 0x0a, 0xd0, 0x00, 0x04, 0xf1,
    0x0a, 0xb0, 0x00, 0x03, 0xf2, 0x0a, 0xc0, 0x00, 0x05, 0xf1, 0x0a, 0xf1, 0x00, 0x0b, 0xc0, 0x0a, 0xec, 0x43,
    0x9f, 0x40, 0x0a, 0xb6, 0xdf, 0xc4, 0x00, 0x00, 0x2a, 0xef, 0xc1, 0x02, 0xfb, 0x43, 0x82, 0x0c, 0xc0, 0x00,
    0x00, 0x1f, 0x50, 0x00, 0x00, 0x2f, 0x30, 0x00, 0x00, 0x2f, 0x50, 0x00, 0x00, 0x0d, 0xb0, 0x00, 0x00, 0x05,
    0xfa, 0x33, 0x92, 0x00, 0x4c, 0xfe, 0xa1, 0x00, 0x00, 0x00, 0x0b, 0xa0, 0x00, 0x00, 0x00, 0x0b, 0xa0, 0x00,
    0x00, 0x00, 0x0b, 0xa0, 0x00, 0x00, 0x00, 0x0b, 0xa0, 0x00, 0x4c, 0xfe, 0x6b, 0xa0, 0x04, 0xf9, 0x34, 0xcf,
    0xa0, 0x0d, 0xb0, 0x00, 0x1f, 0xa0, 0x1f, 0x50, 0x00, 0x0c, 0xa0, 0x2f, 0x30, 0x00, 0x0b, 0xa0, 0x1f, 0x40,
    0x00, 0x0d, 0xa0, 0x0e, 0x90, 0x00, 0x2f, 0xa0, 0x06, 0xf8, 0x35, 0xdd, 0xa0, 0x00, 0x7e, 0xfc, 0x3b, 0xa0,
    0x00, 0x4c, 0xfe, 0x70, 0x00, 0x04, 0xf9, 0x35, 0xf6, 0x00, 0x0d, 0xb0, 0x00, 0x7e, 0x00, 0x1f, 0x50, 0x00,
    0x3f, 0x10, 0x2f, 0xff, 0xff, 0xff, 0x30, 0x2f, 0x62, 0x22, 0x22, 0x00, 0x0e, 0x80, 0x00, 0x00, 0x00, 0x06,
    0xf8, 0x33, 0x78, 0x00, 0x00, 0x6d, 0xfe, 0xb3, 0x00, 0x00, 0x2b, 0xf8, 0x00, 0xdb, 0x20, 0x01, 0xf4, 0x00,
    0x01, 0xf4, 0x00, 0x9f, 0xff, 0xf3, 0x13, 0xf5, 0x20, 0x01, 0xf4, 0x00, 0x01, 0xf4, 0x00, 0x01, 0xf4, 0x00,
    0x01, 0xf4, 0x00, 0x01, 0xf4, 0x00, 0x01, 0xf4, 0x00, 0x01, 0xf4, 0x00, 0x00, 0x4c, 0xfe, 0x6b, 0xa0, 0x04,
    0xf9, 0x34, 0xcf, 0xa0, 0x0d, 0xb0, 0x00, 0x1f, 0xa0, 0x1f, 0x50, 0x00, 0x0c, 0xa0, 0x2f, 0x30, 0x00, 0x0b,
    0xa0, 0x1f, 0x40, 0x00, 0x0d, 0xa0, 0x0e, 0x90, 0x00, 0x2f, 0xa0, 0x06, 0xf8, 0x35, 0xdd, 0xa0, 0x00, 0x7e,
    0xfc, 0x3c, 0x90, 0x00, 0x00, 0x00, 0x0e, 0x80, 0x00, 0x00, 0x00, 0x4f, 0x40, 0x08, 0x84, 0x36, 0xeb, 0x00,
    0x04, 0xce, 0xfd, 0x80, 0x00, 0x0a, 0xb0, 0x00, 0x00, 0x00, 0x0a, 0xb0, 0x00, 0x00, 0x00, 0x0a, 0xb0, 0x00,
    0x00, 0x00, 0x0a, 0xb0, 0x00, 0x00, 0x00, 0x0a, 0xb4, 0xcf, 0xd4, 0x00, 0x0a, 0xec, 0x43, 0xcf, 0x10, 0x0a,
    0xf1, 0x00, 0x2f, 0x40, 0x0a, 0xc0, 0x00, 0x0f, 0x60, 0x0a, 0xb0, 0x00, 0x0e, 0x70, 0x0a, 0xb0, 0x00, 0x0e,
    0x70, 0x0a, 0xb0, 0x00, 0x0e, 0x70, 0x0a, 0xb0, 0x00, 0x0e, 0x70, 0x0a, 0xb0, 0x00, 0x0e, 0x70, 0x09, 0xc0,
    0x09, 0xc0, 0x00, 0x00, 0x00, 0x00, 0x0a, 0xb0, 0x0a, 0xb0, 0x0a, 0xb0, 0x0a, 0xb0, 0x0a, 0xb0, 0x0a, 0xb0,
    0x0a, 0xb0, 0x0a, 0xb0, 0x0a, 0xb0, 0x00, 0x09, 0xc0, 0x00, 0x09, 0xc0, 0x00, 0x00, 0x00, 0x00, 0x00, 0x00,
    0x00, 0x0a, 0xb0, 0x00, 0x0a, 0xb0, 0x00, 0x0a, 0xb0, 0x00, 0x0a, 0xb0, 0x00, 0x0a, 0xb0, 0x00, 0x0a, 0xb0,
    0x00, 0x0a, 0xb0, 0x00, 0x0a, 0xb0, 0x00, 0x0a, 0xb0, 0x00, 0x0b, 0x90, 0x00, 0x0e, 0x70, 0x63, 0x9f, 0x10,
    0x8f, 0xd4, 0x00, 0x0a, 0xb0, 0x00, 0x00, 0x00, 0x0a, 0xb0, 0x00, 0x00, 0x00, 0x0a, 0xb0, 0x00, 0x00, 0x00,
    0x0a, 0xb0, 0x00, 0x00, 0x00, 0x0a, 0xb0, 0x02, 0xea, 0x00, 0x0a, 0xb0, 0x1d, 0xb0, 0x00, 0x0a, 0xb0, 0xcc,
    0x00, 0x00, 0x0a, 0xba, 0xd1, 0x00, 0x00, 0x0a, 0xef, 0x60, 0x00, 0x00, 0x0a, 0xb8, 0xf4, 0x00, 0x00, 0x0a,
    0xb0, 0xaf, 0x30, 0x00, 0x0a, 0xb0, 0x0b, 0xe2, 0x00, 0x0a, 0xb0, 0x01, 0xde, 0x10, 0x0a, 0xb0, 0x0a, 0xb0,
    0x0a, 0xb0, 0x0a, 0xb0, 0x0a, 0xb0, 0x0a, 0xb0, 0x0a, 0xb0, 0x0a, 0xb0, 0x0a, 0xb0, 0x0a, 0xb0, 0x0a, 0xb0,
    0x0a, 0xb0, 0x0a, 0xb0, 0x0a, 0xb5, 0xdf, 0xb1, 0x3c, 0xfd, 0x40, 0x00, 0x0a, 0xeb, 0x35, 0xeb, 0xd5, 0x3a,
    0xf1, 0x00, 0x0a, 0xf1, 0x00, 0x7f, 0x60, 0x01, 0xf5, 0x00, 0x0a, 0xc0, 0x00, 0x4f, 0x20, 0x00, 0xf6, 0x00,
    0x0a, 0xb0, 0x00, 0x4f, 0x10, 0x00, 0xe7, 0x00, 0x0a, 0xb0, 0x00, 0x4f, 0x10, 0x00, 0xe7, 0x00, 0x0a, 0xb0,
    0x00, 0x4f, 0x10, 0x00, 0xe7, 0x00, 0x0a, 0xb0, 0x00, 0x4f, 0x10, 0x00, 0xe7, 0x00, 0x0a, 0xb0, 0x00, 0x4f,
    0x10, 0x00, 0xe7, 0x00, 0x0a, 0xb4, 0xcf, 0xc3, 0x00, 0x0a, 0xec, 0x43, 0xce, 0x00, 0x0a, 0xf1, 0x00, 0x2f,
    0x40, 0x0a, 0xc0, 0x00, 0x0f, 0x60, 0x0a, 0xb0, 0x00, 0x0e, 0x70, 0x0a, 0xb0, 0x00, 0x0e, 0x70, 0x0a, 0xb0,
    0x00, 0x0e, 0x70, 0x0a, 0xb0, 0x00, 0x0e, 0x70, 0x0a, 0xb0, 0x00, 0x0e, 0x70, 0x00, 0x3b, 0xff, 0xc4, 0x00,
    0x04, 0xfa, 0x33, 0x9f, 0x50, 0x0d, 0xb0, 0x00, 0x0b, 0xd0, 0x1f, 0x50, 0x00, 0x05, 0xf1, 0x2f, 0x30, 0x00,
    0x04, 0xf2, 0x1f, 0x50, 0x00, 0x05, 0xf1, 0x0d, 0xb0, 0x00, 0x0b, 0xc0, 0x04, 0xfa, 0x33, 0x9f, 0x30, 0x00,
    0x4c, 0xff, 0xb3, 0x00, 0x0a, 0xb3, 0xcf, 0xe8, 0x00, 0x0a, 0xdd, 0x53, 0x7f, 0x70, 0x0a, 0xf2, 0x00, 0x09,
    0xe0, 0x0a, 0xd0, 0x00, 0x04, 0xf1, 0x0a, 0xb0, 0x00, 0x03, 0xf2, 0x0a, 0xc0, 0x00, 0x05, 0xf1, 0x0a, 0xf1,
    0x00, 0x0b, 0xc0, 0x0a, 0xec, 0x43, 0x9f, 0x40, 0x0a, 0xb5, 0xdf, 0xc4, 0x00, 0x0a, 0xb0, 0x00, 0x00, 0x00,
    0x0a, 0xb0, 0x00, 0x00, 0x00, 0x0a, 0xb0, 0x00, 0x00, 0x00, 0x0a, 0xb0, 0x00, 0x00, 0x00, 0x00, 0x4c, 0xfe,
    0x6b, 0xa0, 0x04, 0xf9, 0x34, 0xcf, 0xa0, 0x0d, 0xa0, 0x00, 0x1f, 0xa0, 0x1f, 0x50, 0x00, 0x0c, 0xa0, 0x2f,
    0x30, 0x00, 0x0b, 0xa0, 0x1f, 0x40, 0x00, 0x0d, 0xa0, 0x0e, 0x90, 0x00, 0x2f, 0xa0, 0x06, 0xf8, 0x35, 0xdd,
    0xa0, 0x00, 0x7e, 0xfc, 0x4b, 0xa0, 0x00, 0x00, 0x00, 0x0b, 0xa0, 0x00, 0x00, 0x00, 0x0b, 0xa0, 0x00, 0x00,
    0x00, 0x0b, 0xa0, 0x00, 0x00, 0x00, 0x0b, 0xa0, 0x0a, 0xb6, 0xec, 0x0a, 0xea, 0x10, 0x0a, 0xf1, 0x00, 0x0a,
    0xd0, 0x00, 0x0a, 0xb0, 0x00, 0x0a, 0xb0, 0x00, 0x0a, 0xb0, 0x00, 0x0a, 0xb0, 0x00, 0x0a, 0xb0, 0x00, 0x01,
    0xae, 0xfc, 0x00, 0x0d, 0xb3, 0x4b, 0x10, 0x1f, 0x50, 0x00, 0x00, 0x0d, 0xd4, 0x00, 0x00, 0x01, 0xaf, 0xd4,
    0x00, 0x00, 0x02, 0xaf, 0x30, 0x00, 0x00, 0x0f, 0x70, 0x2b, 0x42, 0x6f, 0x30, 0x1b, 0xef, 0xc4, 0x00, 0x01,
    0xb2, 0x00, 0x03, 0xf2, 0x00, 0x03, 0xf2, 0x00, 0xaf, 0xff, 0xf5, 0x15, 0xf4, 0x20, 0x03, 0xf2, 0x00, 0x03,
    0xf2, 0x00, 0x03, 0xf2, 0x00, 0x03, 0xf2, 0x00, 0x02, 0xf3, 0x00, 0x00, 0xf9, 0x20, 0x00, 0x6e, 0xf4, 0x0c,
    0x80, 0x00, 0x1f, 0x40, 0x0c, 0x80, 0x00, 0x1f, 0x40, 0x0c, 0x80, 0x00, 0x1f, 0x40, 0x0c, 0x80, 0x00, 0x1f,
    0x40, 0x0c, 0x80, 0x00, 0x1f, 0x40, 0x0c, 0x90, 0x00, 0x2f, 0x40, 0x0a, 0xc0, 0x00, 0x6f, 0x40, 0x05, 0xf8,
    0x36, 0xdf, 0x40, 0x00, 0x7d, 0xfb, 0x3f, 0x40, 0xbc, 0x00, 0x00, 0x8d, 0x00, 0x5f, 0x10, 0x00, 0xe7, 0x00,
    0x0f, 0x60, 0x03, 0xf2, 0x00, 0x0a, 0xc0, 0x09, 0xb0, 0x00, 0x04, 0xf1, 0x0e, 0x50, 0x00, 0x00, 0xe6, 0x4f,
    0x00, 0x00, 0x00, 0x9b, 0x99, 0x00, 0x00, 0x00, 0x3f, 0xd3, 0x00, 0x00, 0x00, 0x0d, 0xd0, 0x00, 0x00, 0xac,
    0x00, 0x07, 0xf1, 0x00, 0x6e, 0x00, 0x5f, 0x00, 0x0c, 0xf4, 0x00, 0xaa, 0x00, 0x1f, 0x40, 0x0f, 0xa9, 0x00,
    0xe6, 0x00, 0x0c, 0x80, 0x5c, 0x5d, 0x02, 0xf1, 0x00, 0x08, 0xc0, 0xa7, 0x1f, 0x16, 0xd0, 0x00, 0x03, 0xf1,
    0xe2, 0x0d, 0x5a, 0x80, 0x00, 0x00, 0xe8, 0xe0, 0x08, 0x9e, 0x40, 0x00, 0x00, 0xae, 0x90, 0x04, 0xef, 0x00,
    0x00, 0x00, 0x5f, 0x40, 0x00, 0xfb, 0x00, 0x00, 0x5f, 0x30, 0x03, 0xf4, 0x0c, 0xb0, 0x0b, 0xa0, 0x02, 0xf4,
    0x5e, 0x10, 0x00, 0x8c, 0xd6, 0x00, 0x00, 0x1f, 0xe0, 0x00, 0x00, 0x7d, 0xf5, 0x00, 0x02, 0xf3, 0x7e, 0x00,
    0x0c, 0xa0, 0x0d, 0x90, 0x7f, 0x10, 0x05, 0xf3, 0xbc, 0x00, 0x00, 0x7e, 0x00, 0x5f, 0x10, 0x00, 0xc9, 0x00,
    0x0e, 0x70, 0x02, 0xf3, 0x00, 0x09, 0xc0, 0x07, 0xd0, 0x00, 0x03, 0xf1, 0x0d, 0x70, 0x00, 0x00, 0xd6, 0x2f,
    0x10, 0x00, 0x00, 0x7c, 0x8b, 0x00, 0x00, 0x00, 0x1f, 0xd5, 0x00, 0x00, 0x00, 0x0b, 0xe0, 0x00, 0x00, 0x00,
    0x0c, 0x90, 0x00, 0x00, 0x00, 0x3f, 0x20, 0x00, 0x00, 0x03, 0xda, 0x00, 0x00, 0x00, 0x9f, 0xa0, 0x00, 0x00,
    0x00, 0x4f, 0xff, 0xff, 0xf3, 0x02, 0x22, 0x3e, 0x80, 0x00, 0x00, 0x9d, 0x00, 0x00, 0x04, 0xf3, 0x00, 0x00,
    0x1e, 0x80, 0x00, 0x00, 0xad, 0x00, 0x00, 0x05, 0xf3, 0x00, 0x00, 0x1e, 0xa2, 0x22, 0x20, 0x9f, 0xff, 0xff,
    0xf4, 0x00, 0x2c, 0x90, 0x00, 0xbb, 0x10, 0x00, 0xe5, 0x00, 0x00, 0xf4, 0x00, 0x00, 0xf4, 0x00, 0x00, 0xf4,
    0x00, 0x05, 0xf1, 0x00, 0x3f, 0x70, 0x00, 0x05, 0xf1, 0x00, 0x00, 0xf4, 0x00, 0x00, 0xf4, 0x00, 0x00, 0xf4,
    0x00, 0x00, 0xe4, 0x00, 0x00, 0xba, 0x00, 0x00, 0x2c, 0x90, 0x09, 0xa0, 0x09, 0xa0, 0x09, 0xa0, 0x09, 0xa0,
    0x09, 0xa0, 0x09, 0xa0, 0x09, 0xa0, 0x09, 0xa0, 0x09, 0xa0, 0x09, 0xa0, 0x09, 0xa0, 0x09, 0xa0, 0x09, 0xa0,
    0x09, 0xa0, 0x09, 0xa0, 0x09, 0xa0, 0x09, 0xa0, 0x6d, 0x30, 0x00, 0x08, 0xd0, 0x00, 0x02, 0xf0, 0x00, 0x02,
    0xf1, 0x00, 0x02, 0xf1, 0x00, 0x01, 0xf2, 0x00, 0x00, 0xd8, 0x00, 0x00, 0x4f, 0x60, 0x00, 0xe7, 0x00, 0x01,
    0xf2, 0x00, 0x02, 0xf1, 0x00, 0x02, 0xf1, 0x00, 0x02, 0xf1, 0x00, 0x08, 0xe0, 0x00, 0x6d, 0x30, 0x00, 0x00,
    0x6e, 0xfb, 0x40, 0x7c, 0x00, 0x02, 0xf4, 0x38, 0xef, 0xe4, 0x00, 0x00, 0x10, 0x00, 0x01, 0x00, 0x00, 0x00,
    0x00, 0x00, 0x00, 0x00, 0x00, 0x00, 0x00, 0x00, 0x00, 0x00, 0x00, 0x00, 0x00, 0x00, 0x00, 0x00, 0x00,
};

static const ui_glyph_t ui_font_body_glyphs[] = {
    {0, 0, 0, 0, 5, 0},
    {5, 12, 0, 7, 5, 0},
    {7, 12, 0, 7, 7, 36},
    {10, 12, 0, 7, 10, 84},
    {9, 15, 0, 6, 9, 144},
    {14, 12, 0, 7, 14, 219},
    {14, 12, 0, 7, 14, 303},
    {4, 12, 0, 7, 4, 387},
    {5, 15, 0, 7, 5, 411},
    {5, 15, 0, 7, 5, 456},
    {7, 12, 0, 7, 7, 501},
    {12, 9, 0, 10, 12, 549},
    {4, 4, 0, 17, 4, 603},
    {7, 5, 0, 14, 7, 611},
    {4, 2, 0, 17, 4, 631},
    {8, 14, -1, 7, 7, 635},
    {9, 12, 0, 7, 9, 691},
    {9, 12, 0, 7, 9, 751},
    {9, 12, 0, 7, 9, 811},
    {9, 12, 0, 7, 9, 871},
    {9, 12, 0, 7, 9, 931},
    {9, 12, 0, 7, 9, 991},
    {9, 12, 0, 7, 9, 1051},
    {9, 12, 0, 7, 9, 1111},
    {9, 12, 0, 7, 9, 1171},
    {9, 12, 0, 7, 9, 1231},
    {4, 9, 0, 10, 4, 1291},
    {4, 11, 0, 10, 4, 1309},
    {12, 9, 0, 10, 12, 1331},
    {12, 7, 0, 12, 12, 1385},
    {12, 9, 0, 10, 12, 1427},
    {8, 12, 0, 7, 8, 1481},
    {16, 14, 0, 7, 16, 1529},
    {11, 12, 0, 7, 11, 1641},
    {10, 12, 0, 7, 10, 1713},
    {11, 12, 0, 7, 11, 1773},
    {12, 12, 0, 7, 12, 1845},
    {9, 12, 0, 7, 9, 1917},
    {8, 12, 0, 7, 8, 1977},
    {12, 12, 0, 7, 12, 2025},
    {12, 12, 0, 7, 12, 2097},
    {5, 12, 0, 7, 5, 2169},
    {6, 12, 0, 7, 6, 2205},
    {10, 12, 0, 7, 10, 2241},
    {8, 12, 0, 7, 8, 2301},
    {15, 12, 0, 7, 15, 2349},
    {13, 12, 0, 7, 13, 2445},
    {13, 12, 0, 7, 13, 2529},
    {10, 12, 0, 7, 10, 2613},
    {14, 13, 0, 7, 13, 2673},
    {11, 12, 0, 7, 10, 2764},
    {9, 12, 0, 7, 9, 2836},
    {9, 12, 0, 7, 9, 2896},
    {12, 12, 0, 7, 12, 2956},
    {11, 12, 0, 7, 11, 3028},
    {16, 12, 0, 7, 16, 3100},
    {10, 12, 0, 7, 10, 3196},
    {10, 12, 0, 7, 9, 3256},
    {10, 12, 0, 7, 10, 3316},
    {5, 15, 0, 7, 5, 3376},
    {8, 14, -1, 7, 6, 3421},
    {5, 15, 0, 7, 5, 3477},
    {12, 12, 0, 7, 12, 3522},
    {8, 2, 0, 19, 7, 3594},
    {5, 13, 0, 6, 5, 3602},
    {9, 9, 0, 10, 9, 3641},
    {10, 13, 0, 6, 10, 3686},
    {8, 9, 0, 10, 8, 3751},
    {10, 13, 0, 6, 10, 3787},
    {9, 9, 0, 10, 9, 3852},
    {6, 13, 0, 6, 5, 3897},
    {10, 13, 0, 10, 10, 3936},
    {10, 13, 0, 6, 10, 4001},
    {4, 13, 0, 6, 4, 4066},
    {6, 17, -2, 6, 4, 4092},
    {9, 13, 0, 6, 8, 4143},
    {4, 13, 0, 6, 4, 4208},
    {15, 9, 0, 10, 15, 4234},
    {10, 9, 0, 10, 10, 4306},
    {10, 9, 0, 10, 10, 4351},
    {10, 13, 0, 10, 10, 4396},
    {10, 13, 0, 10, 10, 4461},
    {6, 9, 0, 10, 6, 4526},
    {7, 9, 0, 10, 7, 4553},
    {6, 12, 0, 7, 6, 4589},
    {10, 9, 0, 10, 10, 4625},
    {9, 9, 0, 10, 8, 4670},
    {13, 9, 0, 10, 12, 4715},
    {8, 9, 0, 10, 8, 4778},
    {9, 13, 0, 10, 8, 4814},
    {8, 9, 0, 10, 8, 4879},
    {5, 15, 0, 7, 5, 4915},
    {4, 17, 0, 6, 4, 4960},
    {5, 15, 0, 7, 5, 4994},
    {12, 6, 0, 13, 12, 5039},
};

static const ui_font_t ui_font_body = {
    ui_font_body_bitmap, ui_font_body_glyphs, 32, 95, 24, 19,
};

/* ui_font_small: 13 px, 95 glyphs, 3074 bytes of bitmap */
static const uint8_t ui_font_small_bitmap[] = {
    0x0b, 0x50, 0x0b, 0x50, 0x0a, 0x50, 0x0a, 0x40, 0x0a, 0x40, 0x09, 0x40, 0x00, 0x00, 0x0a, 0x50, 0x0a, 0x50,
    0x0e, 0x0d, 0x10, 0x0e, 0x0d, 0x10, 0x0e, 0x0d, 0x10, 0x00, 0x00, 0x00, 0x00, 0x00, 0x00, 0x00, 0x00, 0x00,
    0x00, 0x00, 0x00, 0x00, 0x00, 0x00, 0x00, 0x00, 0x00, 0x00, 0x1b, 0x0a, 0x20, 0x00, 0x57, 0x0c, 0x00, 0x4f,
    0xff, 0xff, 0xf5, 0x00, 0xb1, 0x47, 0x00, 0x00, 0xc0, 0x74, 0x00, 0xbf, 0xff, 0xff, 0xe0, 0x04, 0x80, 0xc0,
    0x00, 0x08, 0x42, 0xa0, 0x00, 0x00, 0x00, 0x00, 0x00, 0x00, 0x0a, 0x00, 0x00, 0x01, 0xbf, 0xe6, 0x00, 0x0b,
    0x8a, 0x27, 0x00, 0x0e, 0x2a, 0x00, 0x00, 0x0a, 0xbb, 0x00, 0x00, 0x00, 0x8f, 0x80, 0x00, 0x00, 0x0a, 0xac,
    0x00, 0x00, 0x0a, 0x0e, 0x20, 0x09, 0x2a, 0x4e, 0x00, 0x08, 0xef, 0xc3, 0x00, 0x00, 0x0a, 0x00, 0x00, 0x09,
    0xfc, 0x10, 0x09, 0x50, 0x00, 0x4b, 0x07, 0x90, 0x3a, 0x00, 0x00, 0x76, 0x02, 0xb0, 0xc1, 0x00, 0x00, 0x5b,
    0x07, 0x88, 0x60, 0x00, 0x00, 0x0a, 0xfb, 0x4b, 0x4d, 0xe6, 0x00, 0x00, 0x00, 0xc2, 0xd2, 0x2e, 0x00, 0x00,
    0x07, 0x60, 0xc0, 0x0b, 0x10, 0x00, 0x2b, 0x00, 0xd2, 0x2d, 0x00, 0x00, 0xb2, 0x00, 0x4e, 0xe4, 0x00, 0x00,
    0x6e, 0xfa, 0x00, 0x00, 0x00, 0x01, 0xf2, 0x1c, 0x50, 0x00, 0x00, 0x01, 0xe0, 0x0b, 0x30, 0xc3, 0x00, 0x00,
    0x8d, 0xc5, 0x00, 0xd2, 0x00, 0x04, 0xc6, 0xbb, 0x10, 0xe0, 0x00, 0x1e, 0x10, 0x08, 0xc7, 0x80, 0x00, 0x3d,
    0x00, 0x00, 0xbe, 0x00, 0x00, 0x0e, 0x60, 0x15, 0xde, 0x50, 0x00, 0x03, 0xcf, 0xea, 0x23, 0xdf, 0x10, 0x0e,
    0x00, 0x0e, 0x00, 0x0e, 0x00, 0x00, 0x00, 0x00, 0x00, 0x00, 0x00, 0x00, 0x00, 0x00, 0x00, 0x00, 0x00, 0x00,
    0x87, 0x02, 0xc0, 0x09, 0x50, 0x0d, 0x10, 0x0e, 0x00, 0x1d, 0x00, 0x0d, 0x00, 0x0d, 0x00, 0x09, 0x50, 0x02,
    0xc0, 0x00, 0x86, 0x86, 0x00, 0x0d, 0x10, 0x06, 0x80, 0x01, 0xd0, 0x00, 0xe0, 0x00, 0xe0, 0x00, 0xe0, 0x01,
    0xd0, 0x06, 0x80, 0x0d, 0x10, 0x77, 0x00, 0x00, 0xa1, 0x00, 0x5a, 0xb7, 0xb0, 0x04, 0xb9, 0x10, 0x09, 0x18,
    0x20, 0x00, 0x00, 0x00, 0x00, 0x00, 0x00, 0x00, 0x00, 0x00, 0x00, 0x00, 0x00, 0x00, 0x00, 0x00, 0x00, 0x00,
    0xd0, 0x00, 0x00, 0x00, 0x00, 0xd0, 0x00, 0x00, 0x00, 0x00, 0xd0, 0x00, 0x00, 0x08, 0xff, 0xff, 0xf7, 0x00,
    0x00, 0x00, 0xd0, 0x00, 0x00, 0x00, 0x00, 0xd0, 0x00, 0x00, 0x00, 0x00, 0xd0, 0x00, 0x00, 0x00, 0x00, 0x00,
    0x00, 0x00, 0x2d, 0x00, 0x67, 0x00, 0xa2, 0x00, 0x1f, 0xff, 0x60, 0x00, 0x00, 0x00, 0x00, 0x00, 0x00, 0x00,
    0x00, 0x00, 0x00, 0x00, 0x00, 0x2e, 0x00, 0x2e, 0x00, 0x00, 0x00, 0x1e, 0x00, 0x00, 0x00, 0x68, 0x00, 0x00,
    0x00, 0xd2, 0x00, 0x00, 0x03, 0xc0, 0x00, 0x00, 0x09, 0x50, 0x00, 0x00, 0x0e, 0x00, 0x00, 0x00, 0x69, 0x00,
    0x00, 0x00, 0xc2, 0x00, 0x00, 0x02, 0xc0, 0x00, 0x00, 0x09, 0x60, 0x00, 0x00, 0x0e, 0x00, 0x00, 0x00, 0x02,
    0xcf, 0xd3, 0x00, 0x0d, 0x71, 0x7e, 0x00, 0x3e, 0x00, 0x0d, 0x40, 0x6b, 0x00, 0x0a, 0x60, 0x7a, 0x00, 0x09,
    0x70, 0x5a, 0x00, 0x0a, 0x50, 0x3d, 0x00, 0x0d, 0x30, 0x0d, 0x71, 0x7c, 0x00, 0x02, 0xdf, 0xc2, 0x00, 0x01,
    0x5a, 0x90, 0x00, 0x07, 0x98, 0x90, 0x00, 0x00, 0x07, 0x90, 0x00, 0x00, 0x07, 0x90, 0x00, 0x00, 0x07, 0x90,
    0x00, 0x00, 0x07, 0x90, 0x00, 0x00, 0x07, 0x90, 0x00, 0x00, 0x07, 0x90, 0x00, 0x00, 0x07, 0x90, 0x00, 0x06,
    0xdf, 0xb2, 0x00, 0x09, 0x20, 0x8b, 0x00, 0x00, 0x00, 0x2e, 0x00, 0x00, 0x00, 0x5b, 0x00, 0x00, 0x03, 0xd2,
    0x00, 0x00, 0x6c, 0x20, 0x00, 0x08, 0x90, 0x00, 0x00, 0x2d, 0x00, 0x00, 0x00, 0x4f, 0xff, 0xff, 0x50, 0x07,
    0xef, 0xa1, 0x00, 0x08, 0x11, 0xb8, 0x00, 0x00, 0x00, 0x6a, 0x00, 0x00, 0x02, 0xc4, 0x00, 0x05, 0xff, 0x90,
    0x00, 0x00, 0x01, 0x9b, 0x00, 0x00, 0x00, 0x1f, 0x00, 0x37, 0x11, 0x8b, 0x00, 0x1b, 0xfe, 0xa1, 0x00, 0x00,
    0x00, 0xe6, 0x00, 0x00, 0x08, 0xe6, 0x00, 0x00, 0x3c, 0xa6, 0x00, 0x00, 0xc2, 0xa6, 0x00, 0x0a, 0x70, 0xa6,
    0x00, 0x7a, 0x00, 0xa6, 0x00, 0xef, 0xff, 0xff, 0x90, 0x00, 0x00, 0xa6, 0x00, 0x00, 0x00, 0xa6, 0x00, 0x08,
    0xff, 0xfb, 0x00, 0x09, 0x50, 0x00, 0x00, 0x0a, 0x40, 0x00, 0x00, 0x0b, 0xfe, 0xb2, 0x00, 0x00, 0x01, 0xac,
    0x00, 0x00, 0x00, 0x0f, 0x10, 0x00, 0x00, 0x0f, 0x00, 0x09, 0x11, 0xab, 0x00, 0x0a, 0xfe, 0x91, 0x00, 0x00,
    0x5d, 0xfd, 0x00, 0x05, 0xd3, 0x00, 0x00, 0x0d, 0x20, 0x00, 0x00, 0x2e, 0x9f, 0xd6, 0x00, 0x4f, 0x70, 0x4f,
    0x20, 0x3e, 0x00, 0x0a, 0x60, 0x1f, 0x00, 0x0a, 0x60, 0x0b, 0x80, 0x4e, 0x10, 0x01, 0xbf, 0xc3, 0x00, 0x6f,
    0xff, 0xff, 0x50, 0x00, 0x00, 0x1d, 0x00, 0x00, 0x00, 0xa6, 0x00, 0x00, 0x02, 0xd0, 0x00, 0x00, 0x09, 0x70,
    0x00, 0x00, 0x0e, 0x10, 0x00, 0x00, 0x5b, 0x00, 0x00, 0x00, 0xa6, 0x00, 0x00, 0x00, 0xe3, 0x00, 0x00, 0x02,
    0xcf, 0xc2, 0x00, 0x0c, 0x70, 0x7d, 0x00, 0x0f, 0x10, 0x0f, 0x00, 0x0a, 0x70, 0x6b, 0x00, 0x02, 0xff, 0xf3,
    0x00, 0x1e, 0x40, 0x4e, 0x20, 0x5c, 0x00, 0x0b, 0x60, 0x2f, 0x40, 0x4e, 0x30, 0x05, 0xdf, 0xd5, 0x00, 0x03,
    0xcf, 0xc2, 0x00, 0x0e, 0x50, 0x7d, 0x00, 0x4b, 0x00, 0x0e, 0x30, 0x5b, 0x00, 0x0c, 0x50, 0x1f, 0x50, 0x5f,
    0x50, 0x04, 0xdf, 0xac, 0x30, 0x00, 0x00, 0x1e, 0x00, 0x00, 0x02, 0xb7, 0x00, 0x0c, 0xfe, 0x70, 0x00, 0x2e,
    0x00, 0x2e, 0x00, 0x00, 0x00, 0x00, 0x00, 0x00, 0x00, 0x2e, 0x00, 0x2e, 0x00, 0x2e, 0x00, 0x2e, 0x00, 0x00,
    0x00, 0x00, 0x00, 0x00, 0x00, 0x00, 0x00, 0x2d, 0x00, 0x67, 0x00, 0xa2, 0x00, 0x00, 0x00, 0x01, 0x92, 0x00,
    0x00, 0x01, 0x8c, 0x40, 0x00, 0x00, 0x7c, 0x60, 0x00, 0x00, 0x01, 0xbb, 0x30, 0x00, 0x00, 0x00, 0x03, 0xbb,
    0x30, 0x00, 0x00, 0x00, 0x02, 0xa2, 0x00, 0x00, 0x00, 0x00, 0x00, 0x00, 0x08, 0xff, 0xff, 0xf7, 0x00, 0x00,
    0x00, 0x00, 0x00, 0x00, 0x00, 0x00, 0x00, 0x00, 0x00, 0x08, 0xff, 0xff, 0xf7, 0x00, 0x00, 0x00, 0x00, 0x00,
    0x00, 0x00, 0x00, 0x00, 0x00, 0x00, 0x03, 0x91, 0x00, 0x00, 0x00, 0x00, 0x5c, 0x70, 0x00, 0x00, 0x00, 0x00,
    0x6d, 0x60, 0x00, 0x00, 0x00, 0x3b, 0xa1, 0x00, 0x00, 0x4b, 0xa2, 0x00, 0x00, 0x03, 0xa2, 0x00, 0x00, 0x00,
    0x00, 0x00, 0x00, 0x00, 0x00, 0x0a, 0xfe, 0x70, 0x27, 0x13, 0xf1, 0x00, 0x00, 0xe0, 0x00, 0x1b, 0x40, 0x00,
    0xc3, 0x00, 0x00, 0xf0, 0x00, 0x00, 0x00, 0x00, 0x00, 0xc3, 0x00, 0x00, 0xc3, 0x00, 0x00, 0x03, 0xae, 0xfe,
    0x91, 0x00, 0x00, 0x6d, 0x51, 0x02, 0x8e, 0x20, 0x03, 0xd1, 0x3c, 0xeb, 0x63, 0xd0, 0x0a, 0x40, 0xd4, 0x1c,
    0x40, 0xb3, 0x0d, 0x04, 0xa0, 0x0a, 0x30, 0x85, 0x0d, 0x05, 0x80, 0x0c, 0x20, 0xa3, 0x0b, 0x33, 0xc1, 0x5e,
    0x43, 0xd0, 0x05, 0xc0, 0x9f, 0xa4, 0xec, 0x20, 0x00, 0x9c, 0x41, 0x00, 0x00, 0x00, 0x00, 0x05, 0xcf, 0xfe,
    0xb0, 0x00, 0x00, 0x09, 0xe0, 0x00, 0x00, 0x00, 0x0e, 0xc5, 0x00, 0x00, 0x00, 0x5b, 0x6b, 0x00, 0x00, 0x00,
    0xb6, 0x1f, 0x10, 0x00, 0x02, 0xf1, 0x0b, 0x70, 0x00, 0x08, 0xc0, 0x06, 0xd0, 0x00, 0x0e, 0xff, 0xff, 0xf4,
    0x00, 0x4f, 0x00, 0x00, 0xaa, 0x00, 0xa8, 0x00, 0x00, 0x2f, 0x10, 0x0d, 0xff, 0xe6, 0x00, 0x0d, 0x40, 0x3f,
    0x30, 0x0d, 0x40, 0x0d, 0x40, 0x0d, 0x40, 0x5d, 0x00, 0x0d, 0xff, 0xf7, 0x00, 0x0d, 0x40, 0x2b, 0x80, 0x0d,
    0x40, 0x05, 0xb0, 0x0d, 0x40, 0x2c, 0x80, 0x0d, 0xff, 0xe8, 0x00, 0x00, 0x3a, 0xef, 0xb1, 0x04, 0xe7, 0x21,
    0x65, 0x0e, 0x50, 0x00, 0x00, 0x4e, 0x00, 0x00, 0x00, 0x6c, 0x00, 0x00, 0x00, 0x5d, 0x00, 0x00, 0x00, 0x1f,
    0x40, 0x00, 0x00, 0x07, 0xe5, 0x11, 0x65, 0x00, 0x5c, 0xfe, 0x91, 0x0d, 0xff, 0xfc, 0x60, 0x00, 0x0d, 0x40,
    0x15, 0xda, 0x00, 0x0d, 0x40, 0x00, 0x2f, 0x30, 0x0d, 0x40, 0x00, 0x0b, 0x60, 0x0d, 0x40, 0x00, 0x0a, 0x70,
    0x0d, 0x40, 0x00, 0x0c, 0x60, 0x0d, 0x40, 0x00, 0x3f, 0x10, 0x0d, 0x40, 0x26, 0xe5, 0x00, 0x0d, 0xff, 0xeb,
    0x30, 0x00, 0x0d, 0xff, 0xfd, 0x00, 0x0d, 0x40, 0x00, 0x00, 0x0d, 0x40, 0x00, 0x00, 0x0d, 0x40, 0x00, 0x00,
    0x0d, 0xff, 0xf8, 0x00, 0x0d, 0x40, 0x00, 0x00, 0x0d, 0x40, 0x00, 0x00, 0x0d, 0x40, 0x00, 0x00, 0x0d, 0xff,
    0xff, 0x00, 0x0d, 0xff, 0xfd, 0x0d, 0x40, 0x00, 0x0d, 0x40, 0x00, 0x0d, 0x40, 0x00, 0x0d, 0xff, 0xf8, 0x0d,
    0x40, 0x00, 0x0d, 0x40, 0x00, 0x0d, 0x40, 0x00, 0x0d, 0x40, 0x00, 0x00, 0x2a, 0xef, 0xd7, 0x00, 0x04, 0xe7,
    0x20, 0x49, 0x00, 0x0e, 0x50, 0x00, 0x00, 0x00, 0x4e, 0x00, 0x00, 0x00, 0x00, 0x6c, 0x00, 0x1f, 0xff, 0x00,
    0x5d, 0x00, 0x00, 0x1f, 0x00, 0x1f, 0x40, 0x00, 0x1f, 0x00, 0x06, 0xe6, 0x10, 0x4f, 0x00, 0x00, 0x5c, 0xfe,
    0xc6, 0x00, 0x0d, 0x40, 0x00, 0x0f, 0x00, 0x0d, 0x40, 0x00, 0x0f, 0x00, 0x0d, 0x40, 0x00, 0x0f, 0x00, 0x0d,
    0x40, 0x00, 0x0f, 0x00, 0x0d, 0xff, 0xff, 0xff, 0x00, 0x0d, 0x40, 0x00, 0x0f, 0x00, 0x0d, 0x40, 0x00, 0x0f,
    0x00, 0x0d, 0x40, 0x00, 0x0f, 0x00, 0x0d, 0x40, 0x00, 0x0f, 0x00, 0x0d, 0x40, 0x0d, 0x40, 0x0d, 0x40, 0x0d,
    0x40, 0x0d, 0x40, 0x0d, 0x40, 0x0d, 0x40, 0x0d, 0x40, 0x0d, 0x40, 0x00, 0x88, 0x00, 0x00, 0x88, 0x00, 0x00,
    0x88, 0x00, 0x00, 0x88, 0x00, 0x00, 0x88, 0x00, 0x00, 0x88, 0x00, 0x00, 0xa6, 0x00, 0x02, 0xe2, 0x00, 0xde,
    0x60, 0x00, 0x0d, 0x40, 0x08, 0xc0, 0x0d, 0x40, 0x6d, 0x10, 0x0d, 0x44, 0xd1, 0x00, 0x0d, 0x6d, 0x20, 0x00,
    0x0d, 0xe9, 0x00, 0x00, 0x0d, 0x5d, 0x60, 0x00, 0x0d, 0x42, 0xe5, 0x00, 0x0d, 0x40, 0x4f, 0x30, 0x0d, 0x40,
    0x06, 0xe2, 0x0d, 0x40, 0x00, 0x0d, 0x40, 0x00, 0x0d, 0x40, 0x00, 0x0d, 0x40, 0x00, 0x0d, 0x40, 0x00, 0x0d,
    0x40, 0x00, 0x0d, 0x40, 0x00, 0x0d, 0x40, 0x00, 0x0d, 0xff, 0xfe, 0x0d, 0xd0, 0x00, 0x00, 0x1f, 0x70, 0x0d,
    0xe4, 0x00, 0x00, 0x8e, 0x70, 0x0d, 0x9b, 0x00, 0x00, 0xea, 0x70, 0x0d, 0x3e, 0x20, 0x07, 0x99, 0x70, 0x0d,
    0x37, 0x90, 0x0d, 0x29, 0x70, 0x0d, 0x30, 0xe1, 0x5a, 0x09, 0x70, 0x0d, 0x30, 0x87, 0xc3, 0x09, 0x70, 0x0d,
    0x30, 0x1e, 0xc0, 0x09, 0x70, 0x0d, 0x30, 0x0a, 0x50, 0x09, 0x70, 0x0d, 0xd0, 0x00, 0x08, 0x80, 0x0d, 0xd8,
    0x00, 0x08, 0x80, 0x0d, 0x5e, 0x30, 0x08, 0x80, 0x0d, 0x46, 0xd0, 0x08, 0x80, 0x0d, 0x40, 0xb7, 0x08, 0x80,
    0x0d, 0x40, 0x1e, 0x28, 0x80, 0x0d, 0x40, 0x06, 0xc8, 0x80, 0x0d, 0x40, 0x00, 0xcd, 0x80, 0x0d, 0x40, 0x00,
    0x2f, 0x80, 0x00, 0x4c, 0xff, 0xb3, 0x00, 0x06, 0xe6, 0x11, 0x6f, 0x40, 0x0f, 0x40, 0x00, 0x06, 0xd0, 0x4e,
    0x00, 0x00, 0x00, 0xf1, 0x6c, 0x00, 0x00, 0x00, 0xf2, 0x5d, 0x00, 0x00, 0x00, 0xf1, 0x1f, 0x40, 0x00, 0x06,
    0xc0, 0x07, 0xe5, 0x11, 0x6e, 0x30, 0x00, 0x5c, 0xff, 0xb3, 0x00, 0x0d, 0xff, 0xe8, 0x00, 0x0d, 0x40, 0x3d,
    0x60, 0x0d, 0x40, 0x06, 0xb0, 0x0d, 0x40, 0x07, 0xa0, 0x0d, 0x40, 0x3e, 0x40, 0x0d, 0xff, 0xd5, 0x00, 0x0d,
    0x40, 0x00, 0x00, 0x0d, 0x40, 0x00, 0x00, 0x0d, 0x40, 0x00, 0x00, 0x00, 0x4c, 0xff, 0xb3, 0x00, 0x06, 0xe6,
    0x11, 0x6f, 0x40, 0x0f, 0x40, 0x00, 0x06, 0xd0, 0x4e, 0x00, 0x00, 0x00, 0xf1, 0x6c, 0x00, 0x00, 0x00, 0xf2,
    0x5d, 0x00, 0x00, 0x00, 0xf1, 0x1f, 0x40, 0x00, 0x06, 0xc0, 0x07, 0xe5, 0x11, 0x6e, 0x30, 0x00, 0x5c, 0xfe,
    0xec, 0x10, 0x00, 0x00, 0x00, 0x09, 0xe5, 0x0d, 0xff, 0xe9, 0x00, 0x0d, 0x40, 0x2c, 0x70, 0x0d, 0x40, 0x07,
    0x90, 0x0d, 0x40, 0x2d, 0x40, 0x0d, 0xff, 0xe4, 0x00, 0x0d, 0x41, 0xb9, 0x00, 0x0d, 0x40, 0x1e, 0x30, 0x0d,
    0x40, 0x06, 0xc0, 0x0d, 0x40, 0x00, 0xd6, 0x03, 0xbf, 0xe7, 0x00, 0x1f, 0x50, 0x29, 0x00, 0x2f, 0x00, 0x00,
    0x00, 0x0c, 0xb2, 0x00, 0x00, 0x00, 0x8f, 0x90, 0x00, 0x00, 0x01, 0xad, 0x00, 0x00, 0x00, 0x0e, 0x30, 0x37,
    0x10, 0x4f, 0x10, 0x1a, 0xef, 0xc4, 0x00, 0xbf, 0xff, 0xff, 0x90, 0x00, 0x2f, 0x00, 0x00, 0x00, 0x2f, 0x00,
    0x00, 0x00, 0x2f, 0x00, 0x00, 0x00, 0x2f, 0x00, 0x00, 0x00, 0x2f, 0x00, 0x00, 0x00, 0x2f, 0x00, 0x00, 0x00,
    0x2f, 0x00, 0x00, 0x00, 0x2f, 0x00, 0x00, 0x0e, 0x20, 0x00, 0x3d, 0x00, 0x0e, 0x20, 0x00, 0x3d, 0x00, 0x0e,
    0x20, 0x00, 0x3d, 0x00, 0x0e, 0x20, 0x00, 0x3d, 0x00, 0x0e, 0x20, 0x00, 0x3d, 0x00, 0x0e, 0x20, 0x00, 0x3d,
    0x00, 0x0c, 0x50, 0x00, 0x6b, 0x00, 0x06, 0xd3, 0x03, 0xe4, 0x00, 0x00, 0x7d, 0xfd, 0x60, 0x00, 0xb7, 0x00,
    0x00, 0x5c, 0x5d, 0x00, 0x00, 0xb6, 0x0f, 0x20, 0x01, 0xf0, 0x09, 0x80, 0x07, 0xa0, 0x03, 0xe0, 0x0d, 0x40,
    0x00, 0xd3, 0x2e, 0x00, 0x00, 0x89, 0x88, 0x00, 0x00, 0x2e, 0xd2, 0x00, 0x00, 0x0c, 0xc0, 0x00, 0xa7, 0x00,
    0x07, 0xd0, 0x00, 0x4d, 0x6c, 0x00, 0x0c, 0xf1, 0x00, 0x98, 0x1f, 0x00, 0x1e, 0xa6, 0x00, 0xd4, 0x0c, 0x50,
    0x5a, 0x6a, 0x01, 0xf0, 0x08, 0x90, 0xa5, 0x1e, 0x06, 0xb0, 0x03, 0xd0, 0xe1, 0x0d, 0x3a, 0x60, 0x00, 0xe6,
    0xc0, 0x08, 0x7e, 0x10, 0x00, 0x9d, 0x70, 0x04, 0xdd, 0x00, 0x00, 0x5f, 0x30, 0x00, 0xf8, 0x00, 0x4e, 0x10,
    0x02, 0xe2, 0x0a, 0x90, 0x0b, 0x70, 0x01, 0xe3, 0x5d, 0x00, 0x00, 0x6c, 0xd3, 0x00, 0x00, 0x0e, 0xb0, 0x00,
    0x00, 0x7a, 0xe3, 0x00, 0x02, 0xe1, 0x5d, 0x00, 0x0c, 0x60, 0x0b, 0x80, 0x7c, 0x00, 0x02, 0xf2, 0xa8, 0x00,
    0x04, 0xd0, 0x2f, 0x10, 0x0b, 0x50, 0x0a, 0x70, 0x3d, 0x00, 0x02, 0xe0, 0xb5, 0x00, 0x00, 0xb9, 0xd0, 0x00,
    0x00, 0x3f, 0x50, 0x00, 0x00, 0x0f, 0x10, 0x00, 0x00, 0x0f, 0x10, 0x00, 0x00, 0x0f, 0x10, 0x00, 0x5f, 0xff,
    0xff, 0xe0, 0x00, 0x00, 0x0d, 0x40, 0x00, 0x00, 0x89, 0x00, 0x00, 0x03, 0xd0, 0x00, 0x00, 0x0d, 0x30, 0x00,
    0x00, 0x98, 0x00, 0x00, 0x04, 0xc0, 0x00, 0x00, 0x1d, 0x20, 0x00, 0x00, 0xaf, 0xff, 0xff, 0xf0, 0x0b, 0xf9,
    0x0b, 0x30, 0x0b, 0x30, 0x0b, 0x30, 0x0b, 0x30, 0x0b, 0x30, 0x0b, 0x30, 0x0b, 0x30, 0x0b, 0x30, 0x0b, 0x30,
    0x0b, 0xf9, 0x0e, 0x00, 0x00, 0x00, 0x09, 0x60, 0x00, 0x00, 0x03, 0xc0, 0x00, 0x00, 0x00, 0xc2, 0x00, 0x00,
    0x00, 0x68, 0x00, 0x00, 0x00, 0x1e, 0x00, 0x00, 0x00, 0x0a, 0x50, 0x00, 0x00, 0x04, 0xb0, 0x00, 0x00, 0x00,
    0xd1, 0x00, 0x00, 0x00, 0x77, 0x00, 0x00, 0x00, 0x1d, 0x00, 0xaf, 0xa0, 0x04, 0xa0, 0x04, 0xa0, 0x04, 0xa0,
    0x04, 0xa0, 0x04, 0xa0, 0x04, 0xa0, 0x04, 0xa0, 0x04, 0xa0, 0x04, 0xa0, 0xaf, 0xa0, 0x00, 0x02, 0xc0, 0x00,
    0x00, 0x00, 0x0a, 0xb6, 0x00, 0x00, 0x00, 0x3b, 0x0d, 0x10, 0x00, 0x00, 0xb3, 0x05, 0x90, 0x00, 0x04, 0xa0,
    0x00, 0xc2, 0x00, 0x00, 0x00, 0x00, 0x00, 0x00, 0x00, 0x00, 0x00, 0x00, 0x00, 0x00, 0x00, 0x00, 0x00, 0x00,
    0x00, 0x00, 0x00, 0x00, 0x00, 0x00, 0x00, 0x00, 0xff, 0xff, 0xf6, 0x2c, 0x00, 0x04, 0x90, 0x00, 0x00, 0x00,
    0x00, 0x00, 0x00, 0x00, 0x00, 0x00, 0x00, 0x00, 0x00, 0x00, 0x00, 0x00, 0x00, 0x06, 0xdf, 0xb1, 0x00, 0x08,
    0x31, 0xb8, 0x00, 0x00, 0x00, 0x6a, 0x00, 0x05, 0xbd, 0xfb, 0x00, 0x3e, 0x42, 0x6b, 0x00, 0x5c, 0x12, 0xbb,
    0x00, 0x0b, 0xfc, 0x7b, 0x00, 0x0f, 0x10, 0x00, 0x00, 0x0f, 0x10, 0x00, 0x00, 0x0f, 0x10, 0x00, 0x00, 0x0f,
    0x4d, 0xfa, 0x10, 0x0f, 0xb2, 0x1b, 0x90, 0x0f, 0x30, 0x02, 0xe0, 0x0f, 0x10, 0x01, 0xf0, 0x0f, 0x20, 0x03,
    0xd0, 0x0f, 0xa1, 0x2c, 0x70, 0x0f, 0x6e, 0xe8, 0x00, 0x01, 0xae, 0xe5, 0x0c, 0x91, 0x36, 0x3e, 0x00, 0x00,
    0x5b, 0x00, 0x00, 0x4d, 0x00, 0x00, 0x0d, 0x81, 0x35, 0x02, 0xbf, 0xd3, 0x00, 0x00, 0x07, 0x90, 0x00, 0x00,
    0x07, 0x90, 0x00, 0x00, 0x07, 0x90, 0x02, 0xbf, 0xc8, 0x90, 0x0d, 0x70, 0x3e, 0x90, 0x3d, 0x00, 0x08, 0x90,
    0x5b, 0x00, 0x07, 0x90, 0x4d, 0x00, 0x09, 0x90, 0x0e, 0x60, 0x4e, 0x90, 0x03, 0xdf, 0xa7, 0x90, 0x01, 0xbf,
    0xc3, 0x00, 0x0d, 0x70, 0x5d, 0x00, 0x3d, 0x00, 0x0d, 0x20, 0x5f, 0xff, 0xff, 0x40, 0x4c, 0x00, 0x00, 0x00,
    0x0e, 0x60, 0x00, 0x00, 0x03, 0xcf, 0xe9, 0x00, 0x00, 0xbf, 0x30, 0x07, 0xb0, 0x00, 0x08, 0x70, 0x00, 0xaf,
    0xff, 0x00, 0x08, 0x70, 0x00, 0x08, 0x70, 0x00, 0x08, 0x70, 0x00, 0x08, 0x70, 0x00, 0x08, 0x70, 0x00, 0x08,
    0x70, 0x00, 0x02, 0xcf, 0xc8, 0x90, 0x0d, 0x81, 0x3e, 0x90, 0x3d, 0x00, 0x08, 0x90, 0x5b, 0x00, 0x07, 0x90,
    0x4d, 0x00, 0x09, 0x90, 0x0e, 0x60, 0x4e, 0x90, 0x03, 0xdf, 0xa8, 0x90, 0x00, 0x00, 0x0a, 0x70, 0x00, 0x00,
    0x5f, 0x10, 0x0c, 0xff, 0xc3, 0x00, 0x0f, 0x10, 0x00, 0x00, 0x0f, 0x10, 0x00, 0x00, 0x0f, 0x10, 0x00, 0x00,
    0x0f, 0x5d, 0xf9, 0x00, 0x0f, 0xb1, 0x2f, 0x30, 0x0f, 0x30, 0x0a, 0x60, 0x0f, 0x10, 0x09, 0x70, 0x0f, 0x10,
    0x09, 0x70, 0x0f, 0x10, 0x09, 0x70, 0x0f, 0x10, 0x09, 0x70, 0x0d, 0x10, 0x00, 0x00, 0x00, 0x00, 0x0f, 0x10,
    0x0f, 0x10, 0x0f, 0x10, 0x0f, 0x10, 0x0f, 0x10, 0x0f, 0x10, 0x0f, 0x10, 0x00, 0x0d, 0x10, 0x00, 0x00, 0x00,
    0x00, 0x00, 0x00, 0x00, 0x0f, 0x10, 0x00, 0x0f, 0x10, 0x00, 0x0f, 0x10, 0x00, 0x0f, 0x10, 0x00, 0x0f, 0x10,
    0x00, 0x0f, 0x10, 0x00, 0x0f, 0x10, 0x00, 0x0f, 0x00, 0x00, 0x7b, 0x00, 0x3f, 0xc2, 0x00, 0x0f, 0x10, 0x00,
    0x00, 0x0f, 0x10, 0x00, 0x00, 0x0f, 0x10, 0x00, 0x00, 0x0f, 0x10, 0x9b, 0x00, 0x0f, 0x16, 0xd0, 0x00, 0x0f,
    0x6d, 0x10, 0x00, 0x0f, 0xe7, 0x00, 0x00, 0x0f, 0x4e, 0x30, 0x00, 0x0f, 0x14, 0xe2, 0x00, 0x0f, 0x10, 0x7e,
    0x10, 0x0f, 0x10, 0x0f, 0x10, 0x0f, 0x10, 0x0f, 0x10, 0x0f, 0x10, 0x0f, 0x10, 0x0f, 0x10, 0x0f, 0x10, 0x0f,
    0x10, 0x0f, 0x10, 0x0f, 0x5d, 0xe5, 0x4e, 0xe7, 0x00, 0x0f, 0xa1, 0x5f, 0xb1, 0x3f, 0x10, 0x0f, 0x30, 0x0e,
    0x40, 0x0c, 0x30, 0x0f, 0x10, 0x0d, 0x30, 0x0c, 0x40, 0x0f, 0x10, 0x0d, 0x30, 0x0c, 0x40, 0x0f, 0x10, 0x0d,
    0x30, 0x0c, 0x40, 0x0f, 0x10, 0x0d, 0x30, 0x0c, 0x40, 0x0f, 0x5d, 0xf8, 0x00, 0x0f, 0xa1, 0x3f, 0x30, 0x0f,
    0x30, 0x0a, 0x60, 0x0f, 0x10, 0x09, 0x70, 0x0f, 0x10, 0x09, 0x70, 0x0f, 0x10, 0x09, 0x70, 0x0f, 0x10, 0x09,
    0x70, 0x01, 0xae, 0xe8, 0x00, 0x0d, 0x81, 0x2c, 0x80, 0x3d, 0x00, 0x03, 0xe0, 0x5b, 0x00, 0x01, 0xf0, 0x3d,
    0x00, 0x03, 0xd0, 0x0d, 0x81, 0x2c, 0x70, 0x02, 0xbf, 0xd7, 0x00, 0x0f, 0x4d, 0xfb, 0x10, 0x0f, 0xb2, 0x1b,
    0xa0, 0x0f, 0x30, 0x02, 0xe0, 0x0f, 0x10, 0x01, 0xf0, 0x0f, 0x20, 0x03, 0xd0, 0x0f, 0xa1, 0x2c, 0x70, 0x0f,
    0x6e, 0xe8, 0x00, 0x0f, 0x10, 0x00, 0x00, 0x0f, 0x10, 0x00, 0x00, 0x0f, 0x10, 0x00, 0x00, 0x02, 0xbf, 0xc8,
    0x90, 0x0d, 0x70, 0x3e, 0x90, 0x3d, 0x00, 0x08, 0x90, 0x5b, 0x00, 0x07, 0x90, 0x4d, 0x00, 0x09, 0x90, 0x0e,
    0x60, 0x4e, 0x90, 0x03, 0xdf, 0xa7, 0x90, 0x00, 0x00, 0x07, 0x90, 0x00, 0x00, 0x07, 0x90, 0x00, 0x00, 0x07,
    0x90, 0x0f, 0x5e, 0x60, 0x0f, 0xa0, 0x00, 0x0f, 0x30, 0x00, 0x0f, 0x10, 0x00, 0x0f, 0x10, 0x00, 0x0f, 0x10,
    0x00, 0x0f, 0x10, 0x00, 0x07, 0xef, 0x80, 0x3d, 0x10, 0x00, 0x3e, 0x30, 0x00, 0x06, 0xeb, 0x20, 0x00, 0x07,
    0xd0, 0x00, 0x04, 0xd0, 0x4e, 0xfc, 0x30, 0x07, 0x60, 0x00, 0x09, 0x70, 0x00, 0xbf, 0xff, 0x10, 0x09, 0x70,
    0x00, 0x09, 0x70, 0x00, 0x09, 0x70, 0x00, 0x09, 0x70, 0x00, 0x08, 0x90, 0x00, 0x02, 0xde, 0x00, 0x1f, 0x00,
    0x0b, 0x50, 0x1f, 0x00, 0x0b, 0x50, 0x1f, 0x00, 0x0b, 0x50, 0x1f, 0x00, 0x0b, 0x50, 0x0f, 0x00, 0x0d, 0x50,
    0x0d, 0x70, 0x6f, 0x50, 0x03, 0xdf, 0x8b, 0x50, 0xb6, 0x00, 0x1e, 0x00, 0x6b, 0x00, 0x79, 0x00, 0x0f, 0x10,
    0xc3, 0x00, 0x0a, 0x51, 0xd0, 0x00, 0x05, 0xa7, 0x70, 0x00, 0x00, 0xec, 0x20, 0x00, 0x00, 0xac, 0x00, 0x00,
    0xb6, 0x00, 0xc6, 0x00, 0xe1, 0x6a, 0x01, 0xea, 0x02, 0xd0, 0x2e, 0x05, 0x8e, 0x06, 0x80, 0x0d, 0x2a, 0x2b,
    0x2a, 0x40, 0x09, 0x6d, 0x07, 0x7d, 0x00, 0x04, 0xd9, 0x02, 0xcb, 0x00, 0x00, 0xf5, 0x00, 0xe6, 0x00, 0x7b,
    0x00, 0x97, 0x0d, 0x42, 0xd0, 0x04, 0xcb, 0x40, 0x00, 0xcc, 0x00, 0x03, 0xcd, 0x30, 0x0d, 0x34, 0xd0, 0x8a,
    0x00, 0xb7, 0xb6, 0x00, 0x0f, 0x10, 0x5b, 0x00, 0x5a, 0x00, 0x0e, 0x10, 0xb4, 0x00, 0x0a, 0x51, 0xe0, 0x00,
    0x04, 0xb6, 0x80, 0x00, 0x00, 0xdb, 0x20, 0x00, 0x00, 0x8d, 0x00, 0x00, 0x00, 0x97, 0x00, 0x00, 0x04, 0xe1,
    0x00, 0x00, 0xae, 0x40, 0x00, 0x00, 0x6f, 0xff, 0xf7, 0x00, 0x04, 0xc0, 0x00, 0x1d, 0x20, 0x00, 0xa6, 0x00,
    0x05, 0xb0, 0x00, 0x1d, 0x20, 0x00, 0xaf, 0xff, 0xf8, 0x00, 0xb7, 0x05, 0xb0, 0x06, 0x80, 0x06, 0x80, 0x0a,
    0x60, 0x6d, 0x00, 0x0a, 0x60, 0x06, 0x80, 0x06, 0x80, 0x05, 0xb0, 0x00, 0xb7, 0x0e, 0x00, 0x0e, 0x00, 0x0e,
    0x00, 0x0e, 0x00, 0x0e, 0x00, 0x0e, 0x00, 0x0e, 0x00, 0x0e, 0x00, 0x0e, 0x00, 0x0e, 0x00, 0x0e, 0x00, 0x0e,
    0x00, 0x0e, 0x00, 0x8b, 0x00, 0x0c, 0x40, 0x09, 0x50, 0x08, 0x50, 0x06, 0x90, 0x00, 0xe5, 0x06, 0x90, 0x08,
    0x50, 0x09, 0x50, 0x0b, 0x40, 0x8b, 0x00, 0x02, 0xde, 0x81, 0x77, 0x00, 0x09, 0x61, 0x9e, 0xc1, 0x00, 0x00,
    0x00, 0x00, 0x00, 0x00, 0x00, 0x00, 0x00, 0x00, 0x00, 0x00, 0x00, 0x00, 0x00, 0x00,
};

static const ui_glyph_t ui_font_small_glyphs[] = {
    {0, 0, 0, 0, 4, 0},
    {4, 9, 0, 6, 4, 0},
    {5, 9, 0, 6, 5, 18},
    {8, 9, 0, 6, 8, 45},
    {7, 11, 0, 5, 7, 81},
    {11, 9, 0, 6, 11, 125},
    {11, 9, 0, 6, 10, 179},
    {3, 9, 0, 6, 3, 233},
    {4, 11, 0, 6, 4, 251},
    {4, 11, 0, 6, 4, 273},
    {5, 9, 0, 6, 5, 295},
    {9, 8, 0, 7, 9, 322},
    {3, 3, 0, 14, 3, 362},
    {5, 5, 0, 10, 5, 368},
    {3, 2, 0, 13, 3, 383},
    {7, 11, -1, 6, 5, 387},
    {7, 9, 0, 6, 7, 431},
    {7, 9, 0, 6, 7, 467},
    {7, 9, 0, 6, 7, 503},
    {7, 9, 0, 6, 7, 539},
    {7, 9, 0, 6, 7, 575},
    {7, 9, 0, 6, 7, 611},
    {7, 9, 0, 6, 7, 647},
    {7, 9, 0, 6, 7, 683},
    {7, 9, 0, 6, 7, 719},
    {7, 9, 0, 6, 7, 755},
    {3, 7, 0, 8, 3, 791},
    {3, 9, 0, 8, 3, 805},
    {9, 7, 0, 8, 9, 823},
    {9, 6, 0, 9, 9, 858},
    {9, 7, 0, 8, 9, 888},
    {6, 9, 0, 6, 6, 923},
    {12, 10, 0, 6, 12, 950},
    {9, 9, 0, 6, 8, 1010},
    {7, 9, 0, 6, 7, 1055},
    {8, 9, 0, 6, 8, 1091},
    {9, 9, 0, 6, 9, 1127},
    {7, 9, 0, 6, 7, 1172},
    {6, 9, 0, 6, 6, 1208},
    {9, 9, 0, 6, 9, 1235},
    {9, 9, 0, 6, 9, 1280},
    {3, 9, 0, 6, 3, 1325},
    {5, 9, 0, 6, 5, 1343},
    {8, 9, 0, 6, 8, 1370},
    {6, 9, 0, 6, 6, 1406},
    {12, 9, 0, 6, 12, 1433},
    {10, 9, 0, 6, 10, 1487},
    {10, 9, 0, 6, 10, 1532},
    {7, 9, 0, 6, 7, 1577},
    {10, 10, 0, 6, 10, 1613},
    {8, 9, 0, 6, 8, 1663},
    {7, 9, 0, 6, 7, 1699},
    {7, 9, 0, 6, 7, 1735},
    {9, 9, 0, 6, 9, 1771},
    {8, 9, 0, 6, 8, 1816},
    {12, 9, 0, 6, 12, 1852},
    {8, 9, 0, 6, 8, 1906},
    {8, 9, 0, 6, 7, 1942},
    {8, 9, 0, 6, 7, 1978},
    {4, 11, 0, 6, 4, 2014},
    {7, 11, -1, 6, 5, 2036},
    {4, 11, 0, 6, 4, 2080},
    {9, 9, 0, 6, 9, 2102},
    {6, 2, 0, 15, 5, 2147},
    {3, 10, 0, 5, 3, 2153},
    {7, 7, 0, 8, 7, 2173},
    {8, 10, 0, 5, 8, 2201},
    {6, 7, 0, 8, 6, 2241},
    {8, 10, 0, 5, 8, 2262},
    {7, 7, 0, 8, 7, 2302},
    {5, 10, 0, 5, 4, 2330},
    {8, 10, 0, 8, 8, 2360},
    {7, 10, 0, 5, 7, 2400},
    {3, 10, 0, 5, 3, 2440},
    {5, 13, -2, 5, 3, 2460},
    {7, 10, 0, 5, 6, 2499},
    {3, 10, 0, 5, 3, 2539},
    {11, 7, 0, 8, 11, 2559},
    {7, 7, 0, 8, 7, 2601},
    {8, 7, 0, 8, 8, 2629},
    {8, 10, 0, 8, 8, 2657},
    {8, 10, 0, 8, 8, 2697},
    {5, 7, 0, 8, 5, 2737},
    {6, 7, 0, 8, 6, 2758},
    {5, 9, 0, 6, 4, 2779},
    {7, 7, 0, 8, 7, 2806},
    {7, 7, 0, 8, 6, 2834},
    {10, 7, 0, 8, 9, 2862},
    {6, 7, 0, 8, 6, 2897},
    {7, 10, 0, 8, 6, 2918},
    {6, 7, 0, 8, 6, 2958},
    {4, 11, 0, 6, 4, 2979},
    {3, 13, 0, 5, 3, 3001},
    {4, 11, 0, 6, 4, 3027},
    {9, 5, 0, 10, 9, 3049},
};

static const ui_font_t ui_font_small = {
    ui_font_small_bitmap, ui_font_small_glyphs, 32, 95, 19, 15,
};

/* ui_font_title: 26 px, 95 glyphs, 12214 bytes of bitmap */
static const uint8_t ui_font_title_bitmap[] = {
    0x00, 0xdf, 0xff, 0x50, 0x00, 0x00, 0xcf, 0xff, 0x40, 0x00, 0x00, 0xcf, 0xff, 0x30, 0x00, 0x00, 0xbf, 0xff,
    0x30, 0x00, 0x00, 0xbf, 0xff, 0x20, 0x00, 0x00, 0xaf, 0xff, 0x10, 0x00, 0x00, 0x9f, 0xff, 0x10, 0x00, 0x00,
    0x9f, 0xff, 0x00, 0x00, 0x00, 0x8f, 0xff, 0x00, 0x00, 0x00, 0x7f, 0xff, 0x00, 0x00, 0x00, 0x7f, 0xfe, 0x00,
    0x00, 0x00, 0x6f, 0xfe, 0x00, 0x00, 0x00, 0x00, 0x00, 0x00, 0x00, 0x00, 0x00, 0x00, 0x00, 0x00, 0x00, 0x4d,
    0xfa, 0x00, 0x00, 0x00, 0xff, 0xff, 0x70, 0x00, 0x00, 0xef, 0xff, 0x70, 0x00, 0x00, 0x4d, 0xfa, 0x00, 0x00,
    0x00, 0x9f, 0xf6, 0x09, 0xff, 0x60, 0x00, 0x00, 0x9f, 0xf6, 0x09, 0xff, 0x60, 0x00, 0x00, 0x9f, 0xf6, 0x09,
    0xff, 0x60, 0x00, 0x00, 0x9f, 0xf6, 0x09, 0xff, 0x60, 0x00, 0x00, 0x9f, 0xf6, 0x09, 0xff, 0x60, 0x00, 0x00,
    0x9f, 0xf6, 0x09, 0xff, 0x60, 0x00, 0x00, 0x00, 0x00, 0x00, 0x00, 0x00, 0x00, 0x00, 0x00, 0x00, 0x00, 0x00,
    0x00, 0x00, 0x00, 0x00, 0x00, 0x00, 0x00, 0x00, 0x00, 0x00, 0x00, 0x00, 0x00, 0x00, 0x00, 0x00, 0x00, 0x00,
    0x00, 0x00, 0x00, 0x00, 0x00, 0x00, 0x00, 0x00, 0x00, 0x00, 0x00, 0x00, 0x00, 0x00, 0x00, 0x00, 0x00, 0x00,
    0x00, 0x00, 0x00, 0x00, 0x00, 0x00, 0x00, 0x00, 0x00, 0x00, 0x00, 0x00, 0x00, 0x00, 0x00, 0x00, 0x00, 0x00,
    0x00, 0x00, 0x00, 0x00, 0x00, 0x00, 0x00, 0x00, 0x00, 0x00, 0x00, 0x00, 0x00, 0x00, 0x00, 0x00, 0x00, 0x00,
    0x00, 0x00, 0x0b, 0xfe, 0x00, 0x2f, 0xf6, 0x00, 0x00, 0x00, 0x0f, 0xfa, 0x00, 0x6f, 0xf2, 0x00, 0x00, 0x00,
    0x2f, 0xf6, 0x00, 0xaf, 0xe0, 0x00, 0x00, 0x00, 0x6f, 0xf3, 0x00, 0xef, 0xb0, 0x00, 0x03, 0xff, 0xff, 0xff,
    0xff, 0xff, 0xff, 0xc0, 0x07, 0xff, 0xff, 0xff, 0xff, 0xff, 0xff, 0x80, 0x00, 0x01, 0xff, 0x70, 0x09, 0xff,
    0x00, 0x00, 0x00, 0x04, 0xff, 0x40, 0x0c, 0xfd, 0x00, 0x00, 0x00, 0x06, 0xff, 0x20, 0x0e, 0xfa, 0x00, 0x00,
    0x00, 0x09, 0xff, 0x00, 0x1f, 0xf7, 0x00, 0x00, 0x2f, 0xff, 0xff, 0xff, 0xff, 0xff, 0xfd, 0x00, 0x6f, 0xff,
    0xff, 0xff, 0xff, 0xff, 0xf9, 0x00, 0x00, 0x4f, 0xf4, 0x00, 0xcf, 0xc0, 0x00, 0x00, 0x00, 0x8f, 0xf0, 0x00,
    0xff, 0x80, 0x00, 0x00, 0x00, 0xbf, 0xd0, 0x04, 0xff, 0x40, 0x00, 0x00, 0x00, 0xff, 0x90, 0x07, 0xff, 0x00,
    0x00, 0x00, 0x00, 0x00, 0x00, 0x00, 0x00, 0x00, 0x00, 0x00, 0x00, 0x00, 0x00, 0x00, 0x00, 0x00, 0x00, 0x00,
    0x00, 0x00, 0x00, 0x4f, 0x90, 0x00, 0x00, 0x00, 0x00, 0x00, 0x00, 0x4f, 0x90, 0x00, 0x00, 0x00, 0x00, 0x00,
    0x6c, 0xff, 0xff, 0xd9, 0x30, 0x00, 0x00, 0x1c, 0xff, 0xff, 0xff, 0xff, 0x90, 0x00, 0x00, 0xbf, 0xff, 0xff,
    0xff, 0xff, 0x90, 0x00, 0x02, 0xff, 0xf9, 0x6f, 0x92, 0x5a, 0x80, 0x00, 0x06, 0xff, 0xf0, 0x4f, 0x90, 0x00,
    0x00, 0x00, 0x06, 0xff, 0xf2, 0x4f, 0x90, 0x00, 0x00, 0x00, 0x03, 0xff, 0xfd, 0x8f, 0x90, 0x00, 0x00, 0x00,
    0x00, 0xcf, 0xff, 0xff, 0xa0, 0x00, 0x00, 0x00, 0x00, 0x1d, 0xff, 0xff, 0xff, 0x80, 0x00, 0x00, 0x00, 0x00,
    0x8f, 0xff, 0xff, 0xfd, 0x20, 0x00, 0x00, 0x00, 0x01, 0x8f, 0xff, 0xff, 0xe1, 0x00, 0x00, 0x00, 0x00, 0x4f,
    0xbc, 0xff, 0xf7, 0x00, 0x00, 0x00, 0x00, 0x4f, 0x90, 0xdf, 0xfb, 0x00, 0x01, 0x80, 0x00, 0x4f, 0x90, 0xbf,
    0xfb, 0x00, 0x01, 0xfe, 0x83, 0x5f, 0x96, 0xff, 0xf8, 0x00, 0x01, 0xff, 0xff, 0xff, 0xff, 0xff, 0xf1, 0x00,
    0x01, 0xff, 0xff, 0xff, 0xff, 0xfe, 0x40, 0x00, 0x00, 0x17, 0xbe, 0xff, 0xfc, 0x71, 0x00, 0x00, 0x00, 0x00,
    0x00, 0x4f, 0x90, 0x00, 0x00, 0x00, 0x00, 0x00, 0x00, 0x4f, 0x90, 0x00, 0x00, 0x00, 0x00, 0x00, 0x00, 0x4f,
    0x90, 0x00, 0x00, 0x00, 0x00, 0x07, 0xdf, 0xeb, 0x30, 0x00, 0x00, 0x0b, 0xff, 0x60, 0x00, 0x00, 0x00, 0xbf,
    0xff, 0xff, 0xf3, 0x00, 0x00, 0x5f, 0xfc, 0x00, 0x00, 0x00, 0x06, 0xff, 0x80, 0x4f, 0xfb, 0x00, 0x01, 0xef,
    0xf2, 0x00, 0x00, 0x00, 0x0b, 0xff, 0x00, 0x0b, 0xff, 0x00, 0x0a, 0xff, 0x70, 0x00, 0x00, 0x00, 0x0d, 0xfd,
    0x00, 0x09, 0xff, 0x00, 0x5f, 0xfc, 0x00, 0x00, 0x00, 0x00, 0x0c, 0xff, 0x00, 0x0b, 0xfe, 0x01, 0xef, 0xf2,
    0x00, 0x00, 0x00, 0x00, 0x08, 0xff, 0x70, 0x4f, 0xf9, 0x0a, 0xff, 0x70, 0x00, 0x00, 0x00, 0x00, 0x01, 0xdf,
    0xff, 0xff, 0xe1, 0x4f, 0xfc, 0x00, 0x00, 0x00, 0x00, 0x00, 0x00, 0x19, 0xef, 0xe9, 0x11, 0xef, 0xf2, 0x00,
    0x00, 0x00, 0x00, 0x00, 0x00, 0x00, 0x00, 0x00, 0x09, 0xff, 0x70, 0x4b, 0xff, 0xd6, 0x00, 0x00, 0x00, 0x00,
    0x00, 0x00, 0x4f, 0xfc, 0x06, 0xff, 0xff, 0xff, 0x80, 0x00, 0x00, 0x00, 0x00, 0x00, 0xef, 0xf3, 0x1f, 0xfc,
    0x12, 0xdf, 0xf1, 0x00, 0x00, 0x00, 0x00, 0x09, 0xff, 0x80, 0x6f, 0xf4, 0x00, 0x6f, 0xf5, 0x00, 0x00, 0x00,
    0x00, 0x4f, 0xfd, 0x00, 0x7f, 0xf2, 0x00, 0x4f, 0xf6, 0x00, 0x00, 0x00, 0x00, 0xdf, 0xf3, 0x00, 0x7f, 0xf4,
    0x00, 0x6f, 0xf4, 0x00, 0x00, 0x00, 0x09, 0xff, 0x80, 0x00, 0x2f, 0xfb, 0x12, 0xdf, 0xe0, 0x00, 0x00, 0x00,
    0x3f, 0xfd, 0x00, 0x00, 0x09, 0xff, 0xff, 0xff, 0x50, 0x00, 0x00, 0x00, 0xdf, 0xf3, 0x00, 0x00, 0x00, 0x6d,
    0xff, 0xb3, 0x00, 0x00, 0x00, 0x00, 0x06, 0xbe, 0xff, 0xc7, 0x00, 0x00, 0x00, 0x00, 0x00, 0x00, 0x00, 0xcf,
    0xff, 0xff, 0xff, 0xd1, 0x00, 0x00, 0x00, 0x00, 0x00, 0x08, 0xff, 0xff, 0xff, 0xff, 0xf9, 0x00, 0x00, 0x00,
    0x00, 0x00, 0x0c, 0xff, 0xf5, 0x03, 0xef, 0xfe, 0x00, 0x00, 0x00, 0x00, 0x00, 0x0c, 0xff, 0xc0, 0x00, 0xbf,
    0xfc, 0x00, 0x2f, 0xff, 0x40, 0x00, 0x07, 0xff, 0xf4, 0x04, 0xff, 0xf7, 0x00, 0x1f, 0xff, 0x50, 0x00, 0x00,
    0xcf, 0xff, 0xdf, 0xff, 0xa0, 0x00, 0x1f, 0xff, 0x50, 0x00, 0x00, 0x1e, 0xff, 0xff, 0xf5, 0x00, 0x00, 0x3f,
    0xff, 0x30, 0x00, 0x07, 0xef, 0xff, 0xff, 0xfd, 0x30, 0x00, 0x7f, 0xfe, 0x00, 0x00, 0xaf, 0xff, 0xd5, 0x9f,
    0xff, 0xf6, 0x00, 0xdf, 0xf9, 0x00, 0x06, 0xff, 0xfc, 0x00, 0x03, 0xdf, 0xff, 0x57, 0xff, 0xf2, 0x00, 0x0e,
    0xff, 0xf3, 0x00, 0x00, 0x1c, 0xff, 0xff, 0xff, 0x90, 0x00, 0x0f, 0xff, 0xf1, 0x00, 0x00, 0x01, 0xdf, 0xff,
    0xfd, 0x00, 0x00, 0x0f, 0xff, 0xf4, 0x00, 0x00, 0x00, 0xaf, 0xff, 0xf1, 0x00, 0x00, 0x0b, 0xff, 0xfe, 0x51,
    0x02, 0x7e, 0xff, 0xff, 0xfb, 0x20, 0x24, 0x03, 0xff, 0xff, 0xff, 0xff, 0xff, 0xff, 0xff, 0xff, 0xff, 0xfa,
    0x00, 0x4e, 0xff, 0xff, 0xff, 0xff, 0xe6, 0x1c, 0xff, 0xff, 0xfa, 0x00, 0x01, 0x7b, 0xef, 0xfd, 0xa5, 0x00,
    0x00, 0x6c, 0xff, 0xc6, 0x00, 0xcf, 0xf4, 0x00, 0x00, 0xcf, 0xf4, 0x00, 0x00, 0xcf, 0xf4, 0x00, 0x00, 0xcf,
    0xf4, 0x00, 0x00, 0xcf, 0xf4, 0x00, 0x00, 0xcf, 0xf4, 0x00, 0x00, 0x00, 0x00, 0x00, 0x00, 0x00, 0x00, 0x00,
    0x00, 0x00, 0x00, 0x00, 0x00, 0x00, 0x00, 0x00, 0x00, 0x00, 0x00, 0x00, 0x00, 0x00, 0x00, 0x00, 0x00, 0x00,
    0x00, 0x00, 0x00, 0x00, 0x00, 0x00, 0x00, 0x00, 0x00, 0x00, 0x00, 0x00, 0x00, 0x00, 0x00, 0x00, 0x00, 0x00,
    0x00, 0x00, 0x00, 0x00, 0x00, 0x00, 0x04, 0xff, 0xe1, 0x00, 0x00, 0x1e, 0xff, 0x60, 0x00, 0x00, 0xaf, 0xfb,
    0x00, 0x00, 0x03, 0xff, 0xf4, 0x00, 0x00, 0x0b, 0xff, 0xd0, 0x00, 0x00, 0x1f, 0xff, 0x60, 0x00, 0x00, 0x6f,
    0xff, 0x20, 0x00, 0x00, 0xaf, 0xfe, 0x00, 0x00, 0x00, 0xcf, 0xfb, 0x00, 0x00, 0x00, 0xef, 0xfa, 0x00, 0x00,
    0x00, 0xff, 0xf8, 0x00, 0x00, 0x00, 0xff, 0xf8, 0x00, 0x00, 0x00, 0xff, 0xfa, 0x00, 0x00, 0x00, 0xdf, 0xfb,
    0x00, 0x00, 0x00, 0xaf, 0xfe, 0x00, 0x00, 0x00, 0x7f, 0xff, 0x20, 0x00, 0x00, 0x2f, 0xff, 0x60, 0x00, 0x00,
    0x0c, 0xff, 0xc0, 0x00, 0x00, 0x05, 0xff, 0xf3, 0x00, 0x00, 0x00, 0xcf, 0xfb, 0x00, 0x00, 0x00, 0x2f, 0xff,
    0x50, 0x00, 0x00, 0x05, 0xff, 0xe1, 0x7f, 0xfd, 0x00, 0x00, 0x00, 0x0c, 0xff, 0xa0, 0x00, 0x00, 0x02, 0xff,
    0xf4, 0x00, 0x00, 0x00, 0xaf, 0xfd, 0x00, 0x00, 0x00, 0x3f, 0xff, 0x40, 0x00, 0x00, 0x0d, 0xff, 0xb0, 0x00,
    0x00, 0x08, 0xff, 0xf0, 0x00, 0x00, 0x04, 0xff, 0xf3, 0x00, 0x00, 0x01, 0xff, 0xf6, 0x00, 0x00, 0x00, 0xff,
    0xf8, 0x00, 0x00, 0x00, 0xff, 0xf9, 0x00, 0x00, 0x00, 0xef, 0xf9, 0x00, 0x00, 0x00, 0xff, 0xf8, 0x00, 0x00,
    0x01, 0xff, 0xf7, 0x00, 0x00, 0x04, 0xff, 0xf4, 0x00, 0x00, 0x08, 0xff, 0xf1, 0x00, 0x00, 0x0c, 0xff, 0xc0,
    0x00, 0x00, 0x2f, 0xff, 0x60, 0x00, 0x00, 0x9f, 0xfe, 0x00, 0x00, 0x02, 0xff, 0xf5, 0x00, 0x00, 0x0b, 0xff,
    0xb0, 0x00, 0x00, 0x6f, 0xfd, 0x10, 0x00, 0x00, 0x00, 0x00, 0x7f, 0xf5, 0x00, 0x00, 0x00, 0x00, 0x5f, 0xf3,
    0x00, 0x00, 0x00, 0x00, 0x3f, 0xf1, 0x00, 0x00, 0x06, 0xc7, 0x3f, 0xf3, 0x8d, 0x30, 0x0c, 0xff, 0xff, 0xff,
    0xff, 0x90, 0x08, 0xbd, 0xff, 0xff, 0xda, 0x70, 0x00, 0x03, 0xef, 0xfd, 0x10, 0x00, 0x00, 0x3e, 0xf8, 0xbf,
    0xd1, 0x00, 0x00, 0xcf, 0xe1, 0x2f, 0xfa, 0x00, 0x00, 0x09, 0x70, 0x09, 0x70, 0x00, 0x00, 0x00, 0x00, 0x00,
    0x00, 0x00, 0x00, 0x00, 0x00, 0x00, 0x00, 0x00, 0x00, 0x00, 0x00, 0x00, 0x00, 0x00, 0x00, 0x00, 0x00, 0x00,
    0x00, 0x00, 0x00, 0x00, 0x00, 0x00, 0x00, 0x00, 0x00, 0x00, 0x00, 0x00, 0x00, 0x00, 0x00, 0x00, 0x00, 0x00,
    0x00, 0x00, 0x00, 0x00, 0x00, 0x00, 0x00, 0x00, 0x00, 0x00, 0x00, 0x01, 0xff, 0x80, 0x00, 0x00, 0x00, 0x00,
    0x00, 0x00, 0x01, 0xff, 0x80, 0x00, 0x00, 0x00, 0x00, 0x00, 0x00, 0x01, 0xff, 0x80, 0x00, 0x00, 0x00, 0x00,
    0x00, 0x00, 0x01, 0xff, 0x80, 0x00, 0x00, 0x00, 0x00, 0x00, 0x00, 0x01, 0xff, 0x80, 0x00, 0x00, 0x00, 0x00,
    0x0f, 0xff, 0xff, 0xff, 0xff, 0xff, 0xf6, 0x00, 0x00, 0x0f, 0xff, 0xff, 0xff, 0xff, 0xff, 0xf6, 0x00, 0x00,
    0x0f, 0xff, 0xff, 0xff, 0xff, 0xff, 0xf6, 0x00, 0x00, 0x00, 0x00, 0x01, 0xff, 0x80, 0x00, 0x00, 0x00, 0x00,
    0x00, 0x00, 0x01, 0xff, 0x80, 0x00, 0x00, 0x00, 0x00, 0x00, 0x00, 0x01, 0xff, 0x80, 0x00, 0x00, 0x00, 0x00,
    0x00, 0x00, 0x01, 0xff, 0x80, 0x00, 0x00, 0x00, 0x00, 0x00, 0x00, 0x01, 0xff, 0x80, 0x00, 0x00, 0x00, 0x00,
    0x00, 0x00, 0x00, 0x00, 0x00, 0x00, 0x00, 0x00, 0x05, 0xff, 0xf5, 0x00, 0x08, 0xff, 0xf0, 0x00, 0x0b, 0xff,
    0xb0, 0x00, 0x0f, 0xff, 0x60, 0x00, 0x2f, 0xff, 0x10, 0x00, 0x6f, 0xfc, 0x00, 0x00, 0x03, 0xff, 0xff, 0xff,
    0xc0, 0x00, 0x03, 0xff, 0xff, 0xff, 0xc0, 0x00, 0x03, 0xff, 0xff, 0xff, 0xc0, 0x00, 0x00, 0x00, 0x00, 0x00,
    0x00, 0x00, 0x00, 0x00, 0x00, 0x00, 0x00, 0x00, 0x00, 0x00, 0x00, 0x00, 0x00, 0x00, 0x00, 0x00, 0x00, 0x00,
    0x00, 0x00, 0x00, 0x00, 0x00, 0x00, 0x00, 0x00, 0x02, 0xcf, 0xc2, 0x00, 0x0b, 0xff, 0xfc, 0x00, 0x0b, 0xff,
    0xfc, 0x00, 0x02, 0xcf, 0xc2, 0x00, 0x00, 0x00, 0x00, 0x00, 0x0f, 0xff, 0x90, 0x00, 0x00, 0x00, 0x00, 0x6f,
    0xff, 0x30, 0x00, 0x00, 0x00, 0x00, 0xdf, 0xfc, 0x00, 0x00, 0x00, 0x00, 0x04, 0xff, 0xf5, 0x00, 0x00, 0x00,
    0x00, 0x0a, 0xff, 0xe0, 0x00, 0x00, 0x00, 0x00, 0x1f, 0xff, 0x80, 0x00, 0x00, 0x00, 0x00, 0x8f, 0xff, 0x10,
    0x00, 0x00, 0x00, 0x00, 0xef, 0xfa, 0x00, 0x00, 0x00, 0x00, 0x05, 0xff, 0xf3, 0x00, 0x00, 0x00, 0x00, 0x0c,
    0xff, 0xc0, 0x00, 0x00, 0x00, 0x00, 0x3f, 0xff, 0x60, 0x00, 0x00, 0x00, 0x00, 0xaf, 0xfe, 0x00, 0x00, 0x00,
    0x00, 0x01, 0xff, 0xf8, 0x00, 0x00, 0x00, 0x00, 0x07, 0xff, 0xf2, 0x00, 0x00, 0x00, 0x00, 0x0e, 0xff, 0xb0,
    0x00, 0x00, 0x00, 0x00, 0x4f, 0xff, 0x40, 0x00, 0x00, 0x00, 0x00, 0xbf, 0xfd, 0x00, 0x00, 0x00, 0x00, 0x02,
    0xff, 0xf6, 0x00, 0x00, 0x00, 0x00, 0x09, 0xff, 0xf0, 0x00, 0x00, 0x00, 0x00, 0x0f, 0xff, 0x90, 0x00, 0x00,
    0x00, 0x00, 0x6f, 0xff, 0x20, 0x00, 0x00, 0x00, 0x00, 0x00, 0x00, 0x3a, 0xef, 0xec, 0x60, 0x00, 0x00, 0x00,
    0x08, 0xff, 0xff, 0xff, 0xfc, 0x00, 0x00, 0x00, 0x6f, 0xff, 0xff, 0xff, 0xff, 0xa0, 0x00, 0x01, 0xff, 0xff,
    0x60, 0x5f, 0xff, 0xf2, 0x00, 0x06, 0xff, 0xfa, 0x00, 0x0a, 0xff, 0xf8, 0x00, 0x0b, 0xff, 0xf4, 0x00, 0x05,
    0xff, 0xfc, 0x00, 0x0e, 0xff, 0xf1, 0x00, 0x02, 0xff, 0xfe, 0x00, 0x0f, 0xff, 0xf0, 0x00, 0x01, 0xff, 0xff,
    0x00, 0x1f, 0xff, 0xf0, 0x00, 0x00, 0xff, 0xff, 0x00, 0x1f, 0xff, 0xf0, 0x00, 0x00, 0xff, 0xff, 0x00, 0x1f,
    0xff, 0xf0, 0x00, 0x01, 0xff, 0xff, 0x00, 0x0f, 0xff, 0xf1, 0x00, 0x02, 0xff, 0xfd, 0x00, 0x0d, 0xff, 0xf4,
    0x00, 0x05, 0xff, 0xfb, 0x00, 0x09, 0xff, 0xf9, 0x00, 0x0a, 0xff, 0xf6, 0x00, 0x03, 0xff, 0xff, 0x50, 0x5f,
    0xff, 0xe1, 0x00, 0x00, 0xaf, 0xff, 0xff, 0xff, 0xff, 0x60, 0x00, 0x00, 0x0c, 0xff, 0xff, 0xff, 0xf8, 0x00,
    0x00, 0x00, 0x00, 0x6c, 0xef, 0xea, 0x30, 0x00, 0x00, 0x00, 0x00, 0x00, 0x08, 0xff, 0x90, 0x00, 0x00, 0x00,
    0x00, 0x03, 0xcf, 0xff, 0x90, 0x00, 0x00, 0x00, 0x04, 0xbf, 0xff, 0xff, 0x90, 0x00, 0x00, 0x00, 0x5f, 0xff,
    0xff, 0xff, 0x90, 0x00, 0x00, 0x00, 0x5f, 0xff, 0xcf, 0xff, 0x90, 0x00, 0x00, 0x00, 0x4d, 0x82, 0x7f, 0xff,
    0x90, 0x00, 0x00, 0x00, 0x00, 0x00, 0x7f, 0xff, 0x90, 0x00, 0x00, 0x00, 0x00, 0x00, 0x7f, 0xff, 0x90, 0x00,
    0x00, 0x00, 0x00, 0x00, 0x7f, 0xff, 0x90, 0x00, 0x00, 0x00, 0x00, 0x00, 0x7f, 0xff, 0x90, 0x00, 0x00, 0x00,
    0x00, 0x00, 0x7f, 0xff, 0x90, 0x00, 0x00, 0x00, 0x00, 0x00, 0x7f, 0xff, 0x90, 0x00, 0x00, 0x00, 0x00, 0x00,
    0x7f, 0xff, 0x90, 0x00, 0x00, 0x00, 0x00, 0x00, 0x7f, 0xff, 0x90, 0x00, 0x00, 0x00, 0x00, 0x00, 0x7f, 0xff,
    0x90, 0x00, 0x00, 0x00, 0x00, 0x00, 0x7f, 0xff, 0x90, 0x00, 0x00, 0x00, 0x00, 0x00, 0x7f, 0xff, 0x90, 0x00,
    0x00, 0x00, 0x00, 0x00, 0x7f, 0xff, 0x90, 0x00, 0x00, 0x00, 0x04, 0x9d, 0xff, 0xeb, 0x50, 0x00, 0x00, 0x00,
    0xcf, 0xff, 0xff, 0xff, 0xfb, 0x00, 0x00, 0x01, 0xff, 0xff, 0xff, 0xff, 0xff, 0x80, 0x00, 0x01, 0xfd, 0x61,
    0x02, 0xbf, 0xff, 0xe0, 0x00, 0x00, 0x80, 0x00, 0x00, 0x1f, 0xff, 0xf2, 0x00, 0x00, 0x00, 0x00, 0x00, 0x0e,
    0xff, 0xf2, 0x00, 0x00, 0x00, 0x00, 0x00, 0x2f, 0xff, 0xf0, 0x00, 0x00, 0x00, 0x00, 0x00, 0xbf, 0xff, 0xa0,
    0x00, 0x00, 0x00, 0x00, 0x0b, 0xff, 0xff, 0x20, 0x00, 0x00, 0x00, 0x02, 0xdf, 0xff, 0xf4, 0x00, 0x00, 0x00,
    0x00, 0x5f, 0xff, 0xfe, 0x30, 0x00, 0x00, 0x00, 0x06, 0xff, 0xff, 0xb1, 0x00, 0x00, 0x00, 0x00, 0x5f, 0xff,
    0xf7, 0x00, 0x00, 0x00, 0x00, 0x00, 0xef, 0xff, 0x50, 0x00, 0x00, 0x00, 0x00, 0x07, 0xff, 0xfa, 0x00, 0x00,
    0x00, 0x00, 0x00, 0x0c, 0xff, 0xff, 0xff, 0xff, 0xff, 0xf2, 0x00, 0x0e, 0xff, 0xff, 0xff, 0xff, 0xff, 0xf2,
    0x00, 0x0f, 0xff, 0xff, 0xff, 0xff, 0xff, 0xf2, 0x00, 0x00, 0x38, 0xce, 0xff, 0xd9, 0x20, 0x00, 0x00, 0x00,
    0xdf, 0xff, 0xff, 0xff, 0xf5, 0x00, 0x00, 0x00, 0xdf, 0xff, 0xff, 0xff, 0xff, 0x20, 0x00, 0x00, 0xa6, 0x20,
    0x16, 0xff, 0xff, 0x70, 0x00, 0x00, 0x00, 0x00, 0x00, 0xaf, 0xff, 0x70, 0x00, 0x00, 0x00, 0x00, 0x00, 0xbf,
    0xff, 0x50, 0x00, 0x00, 0x00, 0x00, 0x28, 0xff, 0xfd, 0x00, 0x00, 0x00, 0x0a, 0xff, 0xff, 0xff, 0xb1, 0x00,
    0x00, 0x00, 0x0a, 0xff, 0xff, 0xf9, 0x20, 0x00, 0x00, 0x00, 0x0a, 0xff, 0xff, 0xff, 0xf9, 0x00, 0x00, 0x00,
    0x00, 0x00, 0x27, 0xff, 0xff, 0x80, 0x00, 0x00, 0x00, 0x00, 0x00, 0x4f, 0xff, 0xe0, 0x00, 0x00, 0x00, 0x00,
    0x00, 0x0f, 0xff, 0xf1, 0x00, 0x00, 0x00, 0x00, 0x00, 0x4f, 0xff, 0xf0, 0x00, 0x07, 0x94, 0x20, 0x15, 0xef,
    0xff, 0xb0, 0x00, 0x08, 0xff, 0xff, 0xff, 0xff, 0xff, 0x30, 0x00, 0x08, 0xff, 0xff, 0xff, 0xff, 0xe4, 0x00,
    0x00, 0x02, 0x8c, 0xef, 0xfe, 0xb7, 0x10, 0x00, 0x00, 0x00, 0x00, 0x00, 0x00, 0xef, 0xff, 0x10, 0x00, 0x00,
    0x00, 0x00, 0x07, 0xff, 0xff, 0x10, 0x00, 0x00, 0x00, 0x00, 0x1f, 0xff, 0xff, 0x10, 0x00, 0x00, 0x00, 0x00,
    0xbf, 0xff, 0xff, 0x10, 0x00, 0x00, 0x00, 0x05, 0xff, 0xff, 0xff, 0x10, 0x00, 0x00, 0x00, 0x1f, 0xff, 0xbf,
    0xff, 0x10, 0x00, 0x00, 0x00, 0xcf, 0xf7, 0x9f, 0xff, 0x10, 0x00, 0x00, 0x09, 0xff, 0xc0, 0x9f, 0xff, 0x10,
    0x00, 0x00, 0x6f, 0xff, 0x20, 0x9f, 0xff, 0x10, 0x00, 0x05, 0xff, 0xf5, 0x00, 0x9f, 0xff, 0x10, 0x00, 0x3f,
    0xff, 0x80, 0x00, 0x9f, 0xff, 0x10, 0x00, 0x8f, 0xff, 0xff, 0xff, 0xff, 0xff, 0xff, 0x40, 0x8f, 0xff, 0xff,
    0xff, 0xff, 0xff, 0xff, 0x40, 0x8f, 0xff, 0xff, 0xff, 0xff, 0xff, 0xff, 0x40, 0x00, 0x00, 0x00, 0x00, 0x9f,
    0xff, 0x10, 0x00, 0x00, 0x00, 0x00, 0x00, 0x9f, 0xff, 0x10, 0x00, 0x00, 0x00, 0x00, 0x00, 0x9f, 0xff, 0x10,
    0x00, 0x00, 0x00, 0x00, 0x00, 0x9f, 0xff, 0x10, 0x00, 0x00, 0x4f, 0xff, 0xff, 0xff, 0xff, 0x60, 0x00, 0x00,
    0x5f, 0xff, 0xff, 0xff, 0xff, 0x60, 0x00, 0x00, 0x6f, 0xff, 0xff, 0xff, 0xff, 0x60, 0x00, 0x00, 0x7f, 0xfc,
    0x00, 0x00, 0x00, 0x00, 0x00, 0x00, 0x8f, 0xfb, 0x00, 0x00, 0x00, 0x00, 0x00, 0x00, 0x9f, 0xfa, 0x00, 0x00,
    0x00, 0x00, 0x00, 0x00, 0xaf, 0xf9, 0x00, 0x00, 0x00, 0x00, 0x00, 0x00, 0xbf, 0xff, 0xff, 0xeb, 0x50, 0x00,
    0x00, 0x00, 0xcf, 0xff, 0xff, 0xff, 0xfa, 0x00, 0x00, 0x00, 0xef, 0xff, 0xff, 0xff, 0xff, 0x80, 0x00, 0x00,
    0x21, 0x00, 0x15, 0xdf, 0xff, 0xf0, 0x00, 0x00, 0x00, 0x00, 0x00, 0x1f, 0xff, 0xf2, 0x00, 0x00, 0x00, 0x00,
    0x00, 0x0e, 0xff, 0xf3, 0x00, 0x00, 0x00, 0x00, 0x00, 0x2f, 0xff, 0xf1, 0x00, 0x03, 0xb5, 0x20, 0x15, 0xdf,
    0xff, 0xb0, 0x00, 0x03, 0xff, 0xff, 0xff, 0xff, 0xff, 0x20, 0x00, 0x03, 0xff, 0xff, 0xff, 0xff, 0xe3, 0x00,
    0x00, 0x00, 0x7b, 0xdf, 0xfe, 0xb6, 0x00, 0x00, 0x00, 0x00, 0x00, 0x00, 0x6b, 0xef, 0xed, 0x70, 0x00, 0x00,
    0x00, 0x4e, 0xff, 0xff, 0xff, 0xc0, 0x00, 0x00, 0x04, 0xff, 0xff, 0xff, 0xff, 0xc0, 0x00, 0x00, 0x1e, 0xff,
    0xf9, 0x20, 0x14, 0x80, 0x00, 0x00, 0x9f, 0xff, 0x60, 0x00, 0x00, 0x00, 0x00, 0x00, 0xff, 0xfc, 0x00, 0x00,
    0x00, 0x00, 0x00, 0x04, 0xff, 0xf6, 0x4b, 0xff, 0xc6, 0x00, 0x00, 0x08, 0xff, 0xfa, 0xff, 0xff, 0xff, 0xa0,
    0x00, 0x0a, 0xff, 0xff, 0xff, 0xff, 0xff, 0xf5, 0x00, 0x0b, 0xff, 0xff, 0x61, 0x2b, 0xff, 0xfc, 0x00, 0x0b,
    0xff, 0xfa, 0x00, 0x01, 0xff, 0xff, 0x00, 0x0a, 0xff, 0xf6, 0x00, 0x00, 0xef, 0xff, 0x10, 0x07, 0xff, 0xf7,
    0x00, 0x00, 0xef, 0xff, 0x00, 0x03, 0xff, 0xfc, 0x00, 0x02, 0xff, 0xfd, 0x00, 0x00, 0xdf, 0xff, 0x81, 0x2c,
    0xff, 0xf7, 0x00, 0x00, 0x4f, 0xff, 0xff, 0xff, 0xff, 0xc0, 0x00, 0x00, 0x06, 0xff, 0xff, 0xff, 0xfc, 0x10,
    0x00, 0x00, 0x00, 0x29, 0xdf, 0xfc, 0x60, 0x00, 0x00, 0x0c, 0xff, 0xff, 0xff, 0xff, 0xff, 0xfe, 0x00, 0x0c,
    0xff, 0xff, 0xff, 0xff, 0xff, 0xfe, 0x00, 0x0c, 0xff, 0xff, 0xff, 0xff, 0xff, 0xfa, 0x00, 0x00, 0x00, 0x00,
    0x00, 0x09, 0xff, 0xf2, 0x00, 0x00, 0x00, 0x00, 0x00, 0x3f, 0xff, 0x90, 0x00, 0x00, 0x00, 0x00, 0x00, 0xcf,
    0xff, 0x10, 0x00, 0x00, 0x00, 0x00, 0x05, 0xff, 0xf9, 0x00, 0x00, 0x00, 0x00, 0x00, 0x0c, 0xff, 0xf2, 0x00,
    0x00, 0x00, 0x00, 0x00, 0x4f, 0xff, 0xa0, 0x00, 0x00, 0x00, 0x00, 0x00, 0xbf, 0xff, 0x30, 0x00, 0x00, 0x00,
    0x00, 0x02, 0xff, 0xfd, 0x00, 0x00, 0x00, 0x00, 0x00, 0x08, 0xff, 0xf8, 0x00, 0x00, 0x00, 0x00, 0x00, 0x0d,
    0xff, 0xf2, 0x00, 0x00, 0x00, 0x00, 0x00, 0x3f, 0xff, 0xd0, 0x00, 0x00, 0x00, 0x00, 0x00, 0x7f, 0xff, 0x90,
    0x00, 0x00, 0x00, 0x00, 0x00, 0xbf, 0xff, 0x50, 0x00, 0x00, 0x00, 0x00, 0x00, 0xff, 0xff, 0x20, 0x00, 0x00,
    0x00, 0x00, 0x02, 0xff, 0xff, 0x00, 0x00, 0x00, 0x00, 0x00, 0x00, 0x5b, 0xef, 0xeb, 0x60, 0x00, 0x00, 0x00,
    0x1c, 0xff, 0xff, 0xff, 0xfc, 0x10, 0x00, 0x00, 0xaf, 0xff, 0xff, 0xff, 0xff, 0xc0, 0x00, 0x02, 0xff, 0xfe,
    0x40, 0x4e, 0xff, 0xf3, 0x00, 0x04, 0xff, 0xf8, 0x00, 0x06, 0xff, 0xf5, 0x00, 0x03, 0xff, 0xf7, 0x00, 0x05,
    0xff, 0xf3, 0x00, 0x00, 0xdf, 0xfe, 0x20, 0x1d, 0xff, 0xc0, 0x00, 0x00, 0x2e, 0xff, 0xfd, 0xff, 0xfd, 0x10,
    0x00, 0x00, 0x01, 0xdf, 0xff, 0xff, 0xc0, 0x00, 0x00, 0x00, 0x3d, 0xff, 0xff, 0xff, 0xfd, 0x20, 0x00, 0x02,
    0xff, 0xfe, 0x74, 0x7e, 0xff, 0xf2, 0x00, 0x0a, 0xff, 0xf2, 0x00, 0x03, 0xff, 0xf9, 0x00, 0x0e, 0xff, 0xd0,
    0x00, 0x00, 0xef, 0xfd, 0x00, 0x0e, 0xff, 0xf0, 0x00, 0x01, 0xff, 0xfe, 0x00, 0x0b, 0xff, 0xfb, 0x20, 0x3c,
    0xff, 0xfa, 0x00, 0x03, 0xff, 0xff, 0xff, 0xff, 0xff, 0xf2, 0x00, 0x00, 0x5f, 0xff, 0xff, 0xff, 0xfe, 0x40,
    0x00, 0x00, 0x01, 0x7c, 0xef, 0xec, 0x71, 0x00, 0x00, 0x00, 0x00, 0x6b, 0xef, 0xea, 0x20, 0x00, 0x00, 0x00,
    0x1c, 0xff, 0xff, 0xff, 0xf6, 0x00, 0x00, 0x00, 0xcf, 0xff, 0xff, 0xff, 0xff, 0x40, 0x00, 0x06, 0xff, 0xfd,
    0x30, 0x7f, 0xff, 0xd0, 0x00, 0x0b, 0xff, 0xf4, 0x00, 0x0a, 0xff, 0xf4, 0x00, 0x0f, 0xff, 0xf0, 0x00, 0x05,
    0xff, 0xf8, 0x00, 0x0f, 0xff, 0xf0, 0x00, 0x04, 0xff, 0xfb, 0x00, 0x0e, 0xff, 0xf3, 0x00, 0x08, 0xff, 0xfc,
    0x00, 0x0a, 0xff, 0xfd, 0x30, 0x5f, 0xff, 0xfc, 0x00, 0x03, 0xff, 0xff, 0xff, 0xff, 0xff, 0xfb, 0x00, 0x00,
    0x7f, 0xff, 0xff, 0xf9, 0xff, 0xf9, 0x00, 0x00, 0x04, 0xbf, 0xfc, 0x53, 0xff, 0xf6, 0x00, 0x00, 0x00, 0x00,
    0x00, 0x08, 0xff, 0xf2, 0x00, 0x00, 0x00, 0x00, 0x00, 0x2f, 0xff, 0xc0, 0x00, 0x00, 0xb4, 0x10, 0x16, 0xef,
    0xff, 0x40, 0x00, 0x00, 0xff, 0xff, 0xff, 0xff, 0xf9, 0x00, 0x00, 0x00, 0xff, 0xff, 0xff, 0xff, 0x80, 0x00,
    0x00, 0x00, 0x7b, 0xef, 0xfd, 0x82, 0x00, 0x00, 0x00, 0x02, 0xcf, 0xc2, 0x00, 0x0b, 0xff, 0xfc, 0x00, 0x0b,
    0xff, 0xfc, 0x00, 0x02, 0xcf, 0xc2, 0x00, 0x00, 0x00, 0x00, 0x00, 0x00, 0x00, 0x00, 0x00, 0x00, 0x00, 0x00,
    0x00, 0x00, 0x00, 0x00, 0x00, 0x00, 0x00, 0x00, 0x00, 0x02, 0xcf, 0xc2, 0x00, 0x0b, 0xff, 0xfc, 0x00, 0x0b,
    0xff, 0xfc, 0x00, 0x02, 0xcf, 0xc2, 0x00, 0x01, 0xbf, 0xd3, 0x00, 0x0a, 0xff, 0xfc, 0x00, 0x0a, 0xff, 0xfc,
    0x00, 0x01, 0xbf, 0xd3, 0x00, 0x00, 0x00, 0x00, 0x00, 0x00, 0x00, 0x00, 0x00, 0x00, 0x00, 0x00, 0x00, 0x00,
    0x00, 0x00, 0x00, 0x00, 0x00, 0x00, 0x00, 0x00, 0x00, 0x00, 0x00, 0x05, 0xff, 0xf5, 0x00, 0x08, 0xff, 0xf0,
    0x00, 0x0b, 0xff, 0xb0, 0x00, 0x0f, 0xff, 0x60, 0x00, 0x2f, 0xff, 0x10, 0x00, 0x6f, 0xfc, 0x00, 0x00, 0x00,
    0x00, 0x00, 0x00, 0x00, 0x00, 0x04, 0xb2, 0x00, 0x00, 0x00, 0x00, 0x00, 0x00, 0x17, 0xef, 0xf2, 0x00, 0x00,
    0x00, 0x00, 0x00, 0x39, 0xff, 0xff, 0xf1, 0x00, 0x00, 0x00, 0x00, 0x5c, 0xff, 0xff, 0xb5, 0x00, 0x00, 0x00,
    0x01, 0x8e, 0xff, 0xfd, 0x81, 0x00, 0x00, 0x00, 0x00, 0x0b, 0xff, 0xfa, 0x40, 0x00, 0x00, 0x00, 0x00, 0x00,
    0x0b, 0xff, 0xfa, 0x40, 0x00, 0x00, 0x00, 0x00, 0x00, 0x01, 0x8e, 0xff, 0xfe, 0x82, 0x00, 0x00, 0x00, 0x00,
    0x00, 0x00, 0x5c, 0xff, 0xff, 0xc7, 0x10, 0x00, 0x00, 0x00, 0x00, 0x00, 0x3a, 0xff, 0xff, 0xf1, 0x00, 0x00,
    0x00, 0x00, 0x00, 0x00, 0x17, 0xef, 0xf2, 0x00, 0x00, 0x00, 0x00, 0x00, 0x00, 0x00, 0x04, 0xb2, 0x00, 0x00,
    0x00, 0x00, 0x00, 0x00, 0x00, 0x00, 0x00, 0x00, 0x00, 0x0f, 0xff, 0xff, 0xff, 0xff, 0xff, 0xf6, 0x00, 0x00,
    0x0f, 0xff, 0xff, 0xff, 0xff, 0xff, 0xf6, 0x00, 0x00, 0x0f, 0xff, 0xff, 0xff, 0xff, 0xff, 0xf6, 0x00, 0x00,
    0x00, 0x00, 0x00, 0x00, 0x00, 0x00, 0x00, 0x00, 0x00, 0x00, 0x00, 0x00, 0x00, 0x00, 0x00, 0x00, 0x00, 0x00,
    0x0f, 0xff, 0xff, 0xff, 0xff, 0xff, 0xf6, 0x00, 0x00, 0x0f, 0xff, 0xff, 0xff, 0xff, 0xff, 0xf6, 0x00, 0x00,
    0x0f, 0xff, 0xff, 0xff, 0xff, 0xff, 0xf6, 0x00, 0x00, 0x00, 0x00, 0x00, 0x00, 0x00, 0x00, 0x00, 0x00, 0x00,
    0x00, 0x00, 0x00, 0x00, 0x00, 0x00, 0x00, 0x00, 0x00, 0x00, 0x00, 0x00, 0x00, 0x00, 0x00, 0x00, 0x00, 0x00,
    0x09, 0x71, 0x00, 0x00, 0x00, 0x00, 0x00, 0x00, 0x00, 0x0b, 0xff, 0xa3, 0x00, 0x00, 0x00, 0x00, 0x00, 0x00,
    0x0a, 0xff, 0xff, 0xc6, 0x00, 0x00, 0x00, 0x00, 0x00, 0x00, 0x39, 0xff, 0xff, 0xe8, 0x10, 0x00, 0x00, 0x00,
    0x00, 0x00, 0x05, 0xbf, 0xff, 0xfb, 0x40, 0x00, 0x00, 0x00, 0x00, 0x00, 0x02, 0x8e, 0xff, 0xf2, 0x00, 0x00,
    0x00, 0x00, 0x00, 0x02, 0x8d, 0xff, 0xf2, 0x00, 0x00, 0x00, 0x00, 0x06, 0xcf, 0xff, 0xfb, 0x40, 0x00, 0x00,
    0x00, 0x4a, 0xff, 0xff, 0xe8, 0x10, 0x00, 0x00, 0x00, 0x0a, 0xff, 0xff, 0xc6, 0x00, 0x00, 0x00, 0x00, 0x00,
    0x0b, 0xff, 0xa3, 0x00, 0x00, 0x00, 0x00, 0x00, 0x00, 0x09, 0x71, 0x00, 0x00, 0x00, 0x00, 0x00, 0x00, 0x00,
    0x00, 0x00, 0x00, 0x00, 0x00, 0x00, 0x00, 0x00, 0x03, 0x9d, 0xff, 0xeb, 0x50, 0x00, 0x3f, 0xff, 0xff, 0xff,
    0xfb, 0x00, 0x3f, 0xff, 0xff, 0xff, 0xff, 0x60, 0x3f, 0xa4, 0x02, 0xbf, 0xff, 0xc0, 0x35, 0x00, 0x00, 0x3f,
    0xff, 0xd0, 0x00, 0x00, 0x00, 0x3f, 0xff, 0xb0, 0x00, 0x00, 0x00, 0xbf, 0xff, 0x60, 0x00, 0x00, 0x0a, 0xff,
    0xfc, 0x00, 0x00, 0x00, 0xbf, 0xff, 0xc1, 0x00, 0x00, 0x07, 0xff, 0xfb, 0x00, 0x00, 0x00, 0x0c, 0xff, 0xc0,
    0x00, 0x00, 0x00, 0x0e, 0xff, 0x60, 0x00, 0x00, 0x00, 0x0c, 0xff, 0x70, 0x00, 0x00, 0x00, 0x00, 0x00, 0x00,
    0x00, 0x00, 0x00, 0x05, 0xef, 0xa0, 0x00, 0x00, 0x00, 0x1f, 0xff, 0xf6, 0x00, 0x00, 0x00, 0x1f, 0xff, 0xf6,
    0x00, 0x00, 0x00, 0x05, 0xef, 0xa0, 0x00, 0x00, 0x00, 0x00, 0x00, 0x00, 0x38, 0xce, 0xff, 0xec, 0x83, 0x00,
    0x00, 0x00, 0x00, 0x00, 0x00, 0x00, 0x4c, 0xff, 0xff, 0xff, 0xff, 0xff, 0xc2, 0x00, 0x00, 0x00, 0x00, 0x00,
    0x07, 0xff, 0xfc, 0x62, 0x00, 0x15, 0xbf, 0xff, 0x50, 0x00, 0x00, 0x00, 0x00, 0x8f, 0xfe, 0x50, 0x00, 0x00,
    0x00, 0x04, 0xef, 0xf5, 0x00, 0x00, 0x00, 0x06, 0xff, 0xe2, 0x00, 0x00, 0x00, 0x00, 0x00, 0x3f, 0xfe, 0x10,
    0x00, 0x00, 0x1e, 0xff, 0x30, 0x02, 0xae, 0xfb, 0x6c, 0xc5, 0x09, 0xff, 0x80, 0x00, 0x00, 0x8f, 0xfa, 0x00,
    0x3f, 0xff, 0xff, 0xff, 0xf6, 0x02, 0xff, 0xd0, 0x00, 0x00, 0xdf, 0xf2, 0x01, 0xef, 0xf6, 0x06, 0xff, 0xf4,
    0x00, 0xef, 0xf0, 0x00, 0x01, 0xff, 0xe0, 0x07, 0xff, 0xa0, 0x00, 0xdf, 0xf3, 0x00, 0xcf, 0xf1, 0x00, 0x03,
    0xff, 0xb0, 0x0b, 0xff, 0x40, 0x00, 0xbf, 0xf1, 0x00, 0xcf, 0xf1, 0x00, 0x04, 0xff, 0xa0, 0x0e, 0xff, 0x10,
    0x00, 0xdf, 0xf0, 0x00, 0xef, 0xf0, 0x00, 0x03, 0xff, 0xb0, 0x0e, 0xff, 0x00, 0x00, 0xff, 0xf0, 0x01, 0xff,
    0xc0, 0x00, 0x01, 0xff, 0xd0, 0x0d, 0xff, 0x20, 0x05, 0xff, 0xf0, 0x06, 0xff, 0x50, 0x00, 0x00, 0xdf, 0xf2,
    0x09, 0xff, 0xa1, 0x3e, 0xff, 0xf3, 0x2e, 0xfc, 0x00, 0x00, 0x00, 0x7f, 0xf9, 0x02, 0xef, 0xff, 0xfc, 0x8f,
    0xff, 0xff, 0xd1, 0x00, 0x00, 0x00, 0x0e, 0xff, 0x50, 0x2b, 0xfe, 0xa1, 0x09, 0xef, 0xd7, 0x00, 0x00, 0x00,
    0x00, 0x03, 0xff, 0xf6, 0x00, 0x00, 0x00, 0x00, 0x00, 0x00, 0x00, 0x00, 0x00, 0x00, 0x00, 0x4e, 0xff, 0xd7,
    0x31, 0x01, 0x24, 0x9b, 0x00, 0x00, 0x00, 0x00, 0x00, 0x00, 0x01, 0xaf, 0xff, 0xff, 0xff, 0xff, 0xfd, 0x00,
    0x00, 0x00, 0x00, 0x00, 0x00, 0x00, 0x02, 0x7b, 0xdf, 0xff, 0xdb, 0x72, 0x00, 0x00, 0x00, 0x00, 0x00, 0x00,
    0x00, 0x7f, 0xff, 0xfc, 0x00, 0x00, 0x00, 0x00, 0x00, 0x00, 0x00, 0xcf, 0xff, 0xff, 0x20, 0x00, 0x00, 0x00,
    0x00, 0x00, 0x02, 0xff, 0xff, 0xff, 0x80, 0x00, 0x00, 0x00, 0x00, 0x00, 0x08, 0xff, 0xfd, 0xff, 0xd0, 0x00,
    0x00, 0x00, 0x00, 0x00, 0x0e, 0xff, 0xca, 0xff, 0xf3, 0x00, 0x00, 0x00, 0x00, 0x00, 0x4f, 0xff, 0x75, 0xff,
    0xf9, 0x00, 0x00, 0x00, 0x00, 0x00, 0xaf, 0xff, 0x21, 0xff, 0xfe, 0x00, 0x00, 0x00, 0x00, 0x00, 0xff, 0xfd,
    0x00, 0xbf, 0xff, 0x40, 0x00, 0x00, 0x00, 0x06, 0xff, 0xf8, 0x00, 0x6f, 0xff, 0xa0, 0x00, 0x00, 0x00, 0x0c,
    0xff, 0xf3, 0x00, 0x1f, 0xff, 0xf0, 0x00, 0x00, 0x00, 0x1f, 0xff, 0xe0, 0x00, 0x0c, 0xff, 0xf6, 0x00, 0x00,
    0x00, 0x7f, 0xff, 0xff, 0xff, 0xff, 0xff, 0xfc, 0x00, 0x00, 0x00, 0xdf, 0xff, 0xff, 0xff, 0xff, 0xff, 0xff,
    0x10, 0x00, 0x03, 0xff, 0xff, 0xff, 0xff, 0xff, 0xff, 0xff, 0x70, 0x00, 0x09, 0xff, 0xfb, 0x00, 0x00, 0x00,
    0x8f, 0xff, 0xd0, 0x00, 0x0e, 0xff, 0xf6, 0x00, 0x00, 0x00, 0x3f, 0xff, 0xf3, 0x00, 0x5f, 0xff, 0xf1, 0x00,
    0x00, 0x00, 0x0d, 0xff, 0xf8, 0x00, 0xbf, 0xff, 0xb0, 0x00, 0x00, 0x00, 0x08, 0xff, 0xfe, 0x00, 0x00, 0xef,
    0xff, 0xff, 0xff, 0xda, 0x50, 0x00, 0x00, 0x00, 0xef, 0xff, 0xff, 0xff, 0xff, 0xfc, 0x10, 0x00, 0x00, 0xef,
    0xff, 0xff, 0xff, 0xff, 0xff, 0xa0, 0x00, 0x00, 0xef, 0xff, 0x30, 0x14, 0xef, 0xff, 0xf0, 0x00, 0x00, 0xef,
    0xff, 0x30, 0x00, 0x5f, 0xff, 0xf0, 0x00, 0x00, 0xef, 0xff, 0x30, 0x00, 0x6f, 0xff, 0xa0, 0x00, 0x00, 0xef,
    0xff, 0x30, 0x15, 0xef, 0xfe, 0x10, 0x00, 0x00, 0xef, 0xff, 0xff, 0xff, 0xff, 0x91, 0x00, 0x00, 0x00, 0xef,
    0xff, 0xff, 0xff, 0xfe, 0xa3, 0x00, 0x00, 0x00, 0xef, 0xff, 0xff, 0xff, 0xff, 0xff, 0x70, 0x00, 0x00, 0xef,
    0xff, 0x30, 0x02, 0xaf, 0xff, 0xf4, 0x00, 0x00, 0xef, 0xff, 0x30, 0x00, 0x0c, 0xff, 0xf9, 0x00, 0x00, 0xef,
    0xff, 0x30, 0x00, 0x09, 0xff, 0xfb, 0x00, 0x00, 0xef, 0xff, 0x30, 0x00, 0x0d, 0xff, 0xfa, 0x00, 0x00, 0xef,
    0xff, 0x30, 0x02, 0xaf, 0xff, 0xf6, 0x00, 0x00, 0xef, 0xff, 0xff, 0xff, 0xff, 0xff, 0xd0, 0x00, 0x00, 0xef,
    0xff, 0xff, 0xff, 0xff, 0xfc, 0x10, 0x00, 0x00, 0xef, 0xff, 0xff, 0xff, 0xeb, 0x50, 0x00, 0x00, 0x00, 0x00,
    0x00, 0x38, 0xce, 0xff, 0xec, 0x80, 0x00, 0x00, 0x2b, 0xff, 0xff, 0xff, 0xff, 0xf2, 0x00, 0x04, 0xef, 0xff,
    0xff, 0xff, 0xff, 0xf2, 0x00, 0x2f, 0xff, 0xff, 0x82, 0x00, 0x26, 0xc2, 0x00, 0xcf, 0xff, 0xe2, 0x00, 0x00,
    0x00, 0x00, 0x05, 0xff, 0xff, 0x30, 0x00, 0x00, 0x00, 0x00, 0x0a, 0xff, 0xfb, 0x00, 0x00, 0x00, 0x00, 0x00,
    0x0e, 0xff, 0xf6, 0x00, 0x00, 0x00, 0x00, 0x00, 0x0f, 0xff, 0xf4, 0x00, 0x00, 0x00, 0x00, 0x00, 0x0f, 0xff,
    0xf4, 0x00, 0x00, 0x00, 0x00, 0x00, 0x0f, 0xff, 0xf6, 0x00, 0x00, 0x00, 0x00, 0x00, 0x0d, 0xff, 0xfa, 0x00,
    0x00, 0x00, 0x00, 0x00, 0x09, 0xff, 0xff, 0x20, 0x00, 0x00, 0x00, 0x00, 0x02, 0xff, 0xff, 0xc1, 0x00, 0x00,
    0x00, 0x00, 0x00, 0x9f, 0xff, 0xfe, 0x62, 0x01, 0x36, 0xc2, 0x00, 0x0b, 0xff, 0xff, 0xff, 0xff, 0xff, 0xf2,
    0x00, 0x00, 0x8f, 0xff, 0xff, 0xff, 0xff, 0xf2, 0x00, 0x00, 0x01, 0x7b, 0xef, 0xfe, 0xda, 0x60, 0x00, 0xef,
    0xff, 0xff, 0xff, 0xdb, 0x82, 0x00, 0x00, 0x00, 0x00, 0xef, 0xff, 0xff, 0xff, 0xff, 0xff, 0xb1, 0x00, 0x00,
    0x00, 0xef, 0xff, 0xff, 0xff, 0xff, 0xff, 0xfe, 0x20, 0x00, 0x00, 0xef, 0xff, 0x30, 0x02, 0x6d, 0xff, 0xff,
    0xd0, 0x00, 0x00, 0xef, 0xff, 0x30, 0x00, 0x00, 0xaf, 0xff, 0xf6, 0x00, 0x00, 0xef, 0xff, 0x30, 0x00, 0x00,
    0x0e, 0xff, 0xfc, 0x00, 0x00, 0xef, 0xff, 0x30, 0x00, 0x00, 0x07, 0xff, 0xff, 0x00, 0x00, 0xef, 0xff, 0x30,
    0x00, 0x00, 0x03, 0xff, 0xff, 0x20, 0x00, 0xef, 0xff, 0x30, 0x00, 0x00, 0x01, 0xff, 0xff, 0x30, 0x00, 0xef,
    0xff, 0x30, 0x00, 0x00, 0x02, 0xff, 0xff, 0x20, 0x00, 0xef, 0xff, 0x30, 0x00, 0x00, 0x04, 0xff, 0xff, 0x10,
    0x00, 0xef, 0xff, 0x30, 0x00, 0x00, 0x08, 0xff, 0xfd, 0x00, 0x00, 0xef, 0xff, 0x30, 0x00, 0x00, 0x1e, 0xff,
    0xf9, 0x00, 0x00, 0xef, 0xff, 0x30, 0x00, 0x00, 0xbf, 0xff, 0xf1, 0x00, 0x00, 0xef, 0xff, 0x30, 0x02, 0x6d,
    0xff, 0xff, 0x60, 0x00, 0x00, 0xef, 0xff, 0xff, 0xff, 0xff, 0xff, 0xf8, 0x00, 0x00, 0x00, 0xef, 0xff, 0xff,
    0xff, 0xff, 0xfe, 0x50, 0x00, 0x00, 0x00, 0xef, 0xff, 0xff, 0xfe, 0xda, 0x50, 0x00, 0x00, 0x00, 0x00, 0xef,
    0xff, 0xff, 0xff, 0xff, 0x90, 0x00, 0xef, 0xff, 0xff, 0xff, 0xff, 0x90, 0x00, 0xef, 0xff, 0xff, 0xff, 0xff,
    0x90, 0x00, 0xef, 0xff, 0x30, 0x00, 0x00, 0x00, 0x00, 0xef, 0xff, 0x30, 0x00, 0x00, 0x00, 0x00, 0xef, 0xff,
    0x30, 0x00, 0x00, 0x00, 0x00, 0xef, 0xff, 0x30, 0x00, 0x00, 0x00, 0x00, 0xef, 0xff, 0xff, 0xff, 0xff, 0x20,
    0x00, 0xef, 0xff, 0xff, 0xff, 0xff, 0x20, 0x00, 0xef, 0xff, 0xff, 0xff, 0xff, 0x20, 0x00, 0xef, 0xff, 0x30,
    0x00, 0x00, 0x00, 0x00, 0xef, 0xff, 0x30, 0x00, 0x00, 0x00, 0x00, 0xef, 0xff, 0x30, 0x00, 0x00, 0x00, 0x00,
    0xef, 0xff, 0x30, 0x00, 0x00, 0x00, 0x00, 0xef, 0xff, 0x30, 0x00, 0x00, 0x00, 0x00, 0xef, 0xff, 0xff, 0xff,
    0xff, 0xf0, 0x00, 0xef, 0xff, 0xff, 0xff, 0xff, 0xf0, 0x00, 0xef, 0xff, 0xff, 0xff, 0xff, 0xf0, 0x00, 0xef,
    0xff, 0xff, 0xff, 0xff, 0x90, 0x00, 0xef, 0xff, 0xff, 0xff, 0xff, 0x90, 0x00, 0xef, 0xff, 0xff, 0xff, 0xff,
    0x90, 0x00, 0xef, 0xff, 0x30, 0x00, 0x00, 0x00, 0x00, 0xef, 0xff, 0x30, 0x00, 0x00, 0x00, 0x00, 0xef, 0xff,
    0x30, 0x00, 0x00, 0x00, 0x00, 0xef, 0xff, 0x30, 0x00, 0x00, 0x00, 0x00, 0xef, 0xff, 0x30, 0x00, 0x00, 0x00,
    0x00, 0xef, 0xff, 0xff, 0xff, 0xff, 0x10, 0x00, 0xef, 0xff, 0xff, 0xff, 0xff, 0x10, 0x00, 0xef, 0xff, 0xff,
    0xff, 0xff, 0x10, 0x00, 0xef, 0xff, 0x30, 0x00, 0x00, 0x00, 0x00, 0xef, 0xff, 0x30, 0x00, 0x00, 0x00, 0x00,
    0xef, 0xff, 0x30, 0x00, 0x00, 0x00, 0x00, 0xef, 0xff, 0x30, 0x00, 0x00, 0x00, 0x00, 0xef, 0xff, 0x30, 0x00,
    0x00, 0x00, 0x00, 0xef, 0xff, 0x30, 0x00, 0x00, 0x00, 0x00, 0xef, 0xff, 0x30, 0x00, 0x00, 0x00, 0x00, 0x00,
    0x00, 0x27, 0xbe, 0xff, 0xed, 0xa7, 0x00, 0x00, 0x00, 0x1a, 0xff, 0xff, 0xff, 0xff, 0xff, 0x20, 0x00, 0x03,
    0xef, 0xff, 0xff, 0xff, 0xff, 0xff, 0x20, 0x00, 0x2e, 0xff, 0xff, 0x83, 0x00, 0x23, 0x7c, 0x20, 0x00, 0xcf,
    0xff, 0xe2, 0x00, 0x00, 0x00, 0x00, 0x00, 0x05, 0xff, 0xff, 0x30, 0x00, 0x00, 0x00, 0x00, 0x00, 0x0a, 0xff,
    0xfb, 0x00, 0x00, 0x00, 0x00, 0x00, 0x00, 0x0e, 0xff, 0xf6, 0x00, 0x00, 0x00, 0x00, 0x00, 0x00, 0x0f, 0xff,
    0xf4, 0x00, 0x0b, 0xff, 0xff, 0xff, 0xf0, 0x0f, 0xff, 0xf4, 0x00, 0x0b, 0xff, 0xff, 0xff, 0xf0, 0x0f, 0xff,
    0xf5, 0x00, 0x0b, 0xff, 0xff, 0xff, 0xf0, 0x0d, 0xff, 0xf9, 0x00, 0x00, 0x00, 0x1f, 0xff, 0xf0, 0x08, 0xff,
    0xff, 0x10, 0x00, 0x00, 0x1f, 0xff, 0xf0, 0x02, 0xff, 0xff, 0xb0, 0x00, 0x00, 0x1f, 0xff, 0xf0, 0x00, 0x8f,
    0xff, 0xfd, 0x51, 0x01, 0x5f, 0xff, 0xf0, 0x00, 0x0a, 0xff, 0xff, 0xff, 0xff, 0xff, 0xff, 0xf0, 0x00, 0x00,
    0x6e, 0xff, 0xff, 0xff, 0xff, 0xff, 0xc0, 0x00, 0x00, 0x00, 0x6a, 0xdf, 0xff, 0xeb, 0x83, 0x00, 0x00, 0xef,
    0xff, 0x30, 0x00, 0x00, 0x04, 0xff, 0xfd, 0x00, 0x00, 0xef, 0xff, 0x30, 0x00, 0x00, 0x04, 0xff, 0xfd, 0x00,
    0x00, 0xef, 0xff, 0x30, 0x00, 0x00, 0x04, 0xff, 0xfd, 0x00, 0x00, 0xef, 0xff, 0x30, 0x00, 0x00, 0x04, 0xff,
    0xfd, 0x00, 0x00, 0xef, 0xff, 0x30, 0x00, 0x00, 0x04, 0xff, 0xfd, 0x00, 0x00, 0xef, 0xff, 0x30, 0x00, 0x00,
    0x04, 0xff, 0xfd, 0x00, 0x00, 0xef, 0xff, 0x30, 0x00, 0x00, 0x04, 0xff, 0xfd, 0x00, 0x00, 0xef, 0xff, 0xff,
    0xff, 0xff, 0xff, 0xff, 0xfd, 0x00, 0x00, 0xef, 0xff, 0xff, 0xff, 0xff, 0xff, 0xff, 0xfd, 0x00, 0x00, 0xef,
    0xff, 0xff, 0xff, 0xff, 0xff, 0xff, 0xfd, 0x00, 0x00, 0xef, 0xff, 0x30, 0x00, 0x00, 0x04, 0xff, 0xfd, 0x00,
    0x00, 0xef, 0xff, 0x30, 0x00, 0x00, 0x04, 0xff, 0xfd, 0x00, 0x00, 0xef, 0xff, 0x30, 0x00, 0x00, 0x04, 0xff,
    0xfd, 0x00, 0x00, 0xef, 0xff, 0x30, 0x00, 0x00, 0x04, 0xff, 0xfd, 0x00, 0x00, 0xef, 0xff, 0x30, 0x00, 0x00,
    0x04, 0xff, 0xfd, 0x00, 0x00, 0xef, 0xff, 0x30, 0x00, 0x00, 0x04, 0xff, 0xfd, 0x00, 0x00, 0xef, 0xff, 0x30,
    0x00, 0x00, 0x04, 0xff, 0xfd, 0x00, 0x00, 0xef, 0xff, 0x30, 0x00, 0x00, 0x04, 0xff, 0xfd, 0x00, 0x00, 0xef,
    0xff, 0x30, 0x00, 0xef, 0xff, 0x30, 0x00, 0xef, 0xff, 0x30, 0x00, 0xef, 0xff, 0x30, 0x00, 0xef, 0xff, 0x30,
    0x00, 0xef, 0xff, 0x30, 0x00, 0xef, 0xff, 0x30, 0x00, 0xef, 0xff, 0x30, 0x00, 0xef, 0xff, 0x30, 0x00, 0xef,
    0xff, 0x30, 0x00, 0xef, 0xff, 0x30, 0x00, 0xef, 0xff, 0x30, 0x00, 0xef, 0xff, 0x30, 0x00, 0xef, 0xff, 0x30,
    0x00, 0xef, 0xff, 0x30, 0x00, 0xef, 0xff, 0x30, 0x00, 0xef, 0xff, 0x30, 0x00, 0xef, 0xff, 0x30, 0x00, 0x00,
    0x06, 0xff, 0xfa, 0x00, 0x00, 0x00, 0x06, 0xff, 0xfa, 0x00, 0x00, 0x00, 0x06, 0xff, 0xfa, 0x00, 0x00, 0x00,
    0x06, 0xff, 0xfa, 0x00, 0x00, 0x00, 0x06, 0xff, 0xfa, 0x00, 0x00, 0x00, 0x06, 0xff, 0xfa, 0x00, 0x00, 0x00,
    0x06, 0xff, 0xfa, 0x00, 0x00, 0x00, 0x06, 0xff, 0xfa, 0x00, 0x00, 0x00, 0x06, 0xff, 0xfa, 0x00, 0x00, 0x00,
    0x06, 0xff, 0xfa, 0x00, 0x00, 0x00, 0x06, 0xff, 0xfa, 0x00, 0x00, 0x00, 0x07, 0xff, 0xf9, 0x00, 0x00, 0x00,
    0x09, 0xff, 0xf8, 0x00, 0x00, 0x00, 0x0d, 0xff, 0xf4, 0x00, 0x75, 0x11, 0xaf, 0xff, 0xe0, 0x00, 0x9f, 0xff,
    0xff, 0xff, 0x60, 0x00, 0x9f, 0xff, 0xff, 0xf8, 0x00, 0x00, 0x5d, 0xff, 0xda, 0x30, 0x00, 0x00, 0x00, 0xef,
    0xff, 0x30, 0x00, 0x08, 0xff, 0xff, 0x40, 0x00, 0xef, 0xff, 0x30, 0x00, 0x3f, 0xff, 0xf8, 0x00, 0x00, 0xef,
    0xff, 0x30, 0x00, 0xdf, 0xff, 0xc0, 0x00, 0x00, 0xef, 0xff, 0x30, 0x08, 0xff, 0xff, 0x20, 0x00, 0x00, 0xef,
    0xff, 0x30, 0x3f, 0xff, 0xf5, 0x00, 0x00, 0x00, 0xef, 0xff, 0x30, 0xdf, 0xff, 0x90, 0x00, 0x00, 0x00, 0xef,
    0xff, 0x38, 0xff, 0xfd, 0x00, 0x00, 0x00, 0x00, 0xef, 0xff, 0x6f, 0xff, 0xf2, 0x00, 0x00, 0x00, 0x00, 0xef,
    0xff, 0xef, 0xff, 0x80, 0x00, 0x00, 0x00, 0x00, 0xef, 0xff, 0xcf, 0xff, 0xe1, 0x00, 0x00, 0x00, 0x00, 0xef,
    0xff, 0x4e, 0xff, 0xfb, 0x00, 0x00, 0x00, 0x00, 0xef, 0xff, 0x35, 0xff, 0xff, 0x70, 0x00, 0x00, 0x00, 0xef,
    0xff, 0x30, 0xaf, 0xff, 0xf3, 0x00, 0x00, 0x00, 0xef, 0xff, 0x30, 0x1e, 0xff, 0xfd, 0x00, 0x00, 0x00, 0xef,
    0xff, 0x30, 0x05, 0xff, 0xff, 0xa0, 0x00, 0x00, 0xef, 0xff, 0x30, 0x00, 0xaf, 0xff, 0xf6, 0x00, 0x00, 0xef,
    0xff, 0x30, 0x00, 0x1e, 0xff, 0xff, 0x20, 0x00, 0xef, 0xff, 0x30, 0x00, 0x04, 0xff, 0xff, 0xd0, 0x00, 0xef,
    0xff, 0x30, 0x00, 0x00, 0x00, 0x00, 0xef, 0xff, 0x30, 0x00, 0x00, 0x00, 0x00, 0xef, 0xff, 0x30, 0x00, 0x00,
    0x00, 0x00, 0xef, 0xff, 0x30, 0x00, 0x00, 0x00, 0x00, 0xef, 0xff, 0x30, 0x00, 0x00, 0x00, 0x00, 0xef, 0xff,
    0x30, 0x00, 0x00, 0x00, 0x00, 0xef, 0xff, 0x30, 0x00, 0x00, 0x00, 0x00, 0xef, 0xff, 0x30, 0x00, 0x00, 0x00,
    0x00, 0xef, 0xff, 0x30, 0x00, 0x00, 0x00, 0x00, 0xef, 0xff, 0x30, 0x00, 0x00, 0x00, 0x00, 0xef, 0xff, 0x30,
    0x00, 0x00, 0x00, 0x00, 0xef, 0xff, 0x30, 0x00, 0x00, 0x00, 0x00, 0xef, 0xff, 0x30, 0x00, 0x00, 0x00, 0x00,
    0xef, 0xff, 0x30, 0x00, 0x00, 0x00, 0x00, 0xef, 0xff, 0x30, 0x00, 0x00, 0x00, 0x00, 0xef, 0xff, 0xff, 0xff,
    0xff, 0xe0, 0x00, 0xef, 0xff, 0xff, 0xff, 0xff, 0xe0, 0x00, 0xef, 0xff, 0xff, 0xff, 0xff, 0xe0, 0x00, 0xef,
    0xff, 0xff, 0x40, 0x00, 0x00, 0x00, 0x3f, 0xff, 0xff, 0xd0, 0x00, 0x00, 0xef, 0xff, 0xff, 0x90, 0x00, 0x00,
    0x00, 0x8f, 0xff, 0xff, 0xd0, 0x00, 0x00, 0xef, 0xff, 0xff, 0xe0, 0x00, 0x00, 0x00, 0xef, 0xff, 0xff, 0xd0,
    0x00, 0x00, 0xef, 0xfe, 0xff, 0xf4, 0x00, 0x00, 0x04, 0xff, 0xef, 0xff, 0xd0, 0x00, 0x00, 0xef, 0xfb, 0xff,
    0xfa, 0x00, 0x00, 0x09, 0xff, 0xbf, 0xff, 0xd0, 0x00, 0x00, 0xef, 0xfb, 0xdf, 0xff, 0x00, 0x00, 0x0e, 0xff,
    0x8f, 0xff, 0xd0, 0x00, 0x00, 0xef, 0xfb, 0x7f, 0xff, 0x50, 0x00, 0x4f, 0xff, 0x3f, 0xff, 0xd0, 0x00, 0x00,
    0xef, 0xfc, 0x2f, 0xff, 0xb0, 0x00, 0xaf, 0xfa, 0x3f, 0xff, 0xd0, 0x00, 0x00, 0xef, 0xfc, 0x0c, 0xff, 0xf1,
    0x00, 0xff, 0xf4, 0x3f, 0xff, 0xd0, 0x00, 0x00, 0xef, 0xfc, 0x06, 0xff, 0xf6, 0x05, 0xff, 0xe0, 0x3f, 0xff,
    0xd0, 0x00, 0x00, 0xef, 0xfc, 0x01, 0xff, 0xfb, 0x0b, 0xff, 0x90, 0x3f, 0xff, 0xd0, 0x00, 0x00, 0xef, 0xfc,
    0x00, 0xbf, 0xff, 0x1f, 0xff, 0x30, 0x3f, 0xff, 0xd0, 0x00, 0x00, 0xef, 0xfc, 0x00, 0x5f, 0xff, 0x8f, 0xfe,
    0x00, 0x3f, 0xff, 0xd0, 0x00, 0x00, 0xef, 0xfc, 0x00, 0x0f, 0xff, 0xff, 0xf8, 0x00, 0x3f, 0xff, 0xd0, 0x00,
    0x00, 0xef, 0xfc, 0x00, 0x09, 0xff, 0xff, 0xf3, 0x00, 0x3f, 0xff, 0xd0, 0x00, 0x00, 0xef, 0xfc, 0x00, 0x04,
    0xff, 0xff, 0xd0, 0x00, 0x3f, 0xff, 0xd0, 0x00, 0x00, 0xef, 0xfc, 0x00, 0x00, 0xef, 0xff, 0x80, 0x00, 0x3f,
    0xff, 0xd0, 0x00, 0x00, 0xef, 0xfc, 0x00, 0x00, 0x8f, 0xff, 0x20, 0x00, 0x3f, 0xff, 0xd0, 0x00, 0x00, 0xef,
    0xff, 0xc0, 0x00, 0x00, 0x00, 0x6f, 0xff, 0x70, 0x00, 0x00, 0xef, 0xff, 0xf7, 0x00, 0x00, 0x00, 0x6f, 0xff,
    0x70, 0x00, 0x00, 0xef, 0xff, 0xff, 0x20, 0x00, 0x00, 0x6f, 0xff, 0x70, 0x00, 0x00, 0xef, 0xff, 0xff, 0xc0,
    0x00, 0x00, 0x6f, 0xff, 0x70, 0x00, 0x00, 0xef, 0xff, 0xff, 0xf7, 0x00, 0x00, 0x6f, 0xff, 0x70, 0x00, 0x00,
    0xef, 0xfe, 0xef, 0xff, 0x20, 0x00, 0x6f, 0xff, 0x70, 0x00, 0x00, 0xef, 0xfe, 0x4f, 0xff, 0xc0, 0x00, 0x6f,
    0xff, 0x70, 0x00, 0x00, 0xef, 0xff, 0x0a, 0xff, 0xf7, 0x00, 0x6f, 0xff, 0x70, 0x00, 0x00, 0xef, 0xff, 0x01,
    0xef, 0xff, 0x20, 0x6f, 0xff, 0x70, 0x00, 0x00, 0xef, 0xff, 0x00, 0x5f, 0xff, 0xc0, 0x6f, 0xff, 0x70, 0x00,
    0x00, 0xef, 0xff, 0x00, 0x0a, 0xff, 0xf6, 0x6f, 0xff, 0x70, 0x00, 0x00, 0xef, 0xff, 0x00, 0x01, 0xef, 0xff,
    0x7f, 0xff, 0x70, 0x00, 0x00, 0xef, 0xff, 0x00, 0x00, 0x5f, 0xff, 0xef, 0xff, 0x70, 0x00, 0x00, 0xef, 0xff,
    0x00, 0x00, 0x0a, 0xff, 0xff, 0xff, 0x70, 0x00, 0x00, 0xef, 0xff, 0x00, 0x00, 0x01, 0xef, 0xff, 0xff, 0x70,
    0x00, 0x00, 0xef, 0xff, 0x00, 0x00, 0x00, 0x5f, 0xff, 0xff, 0x70, 0x00, 0x00, 0xef, 0xff, 0x00, 0x00, 0x00,
    0x0a, 0xff, 0xff, 0x70, 0x00, 0x00, 0xef, 0xff, 0x00, 0x00, 0x00, 0x01, 0xef, 0xff, 0x70, 0x00, 0x00, 0x00,
    0x00, 0x6a, 0xdf, 0xfe, 0xb6, 0x00, 0x00, 0x00, 0x00, 0x00, 0x5e, 0xff, 0xff, 0xff, 0xff, 0xe4, 0x00, 0x00,
    0x00, 0x07, 0xff, 0xff, 0xff, 0xff, 0xff, 0xff, 0x60, 0x00, 0x00, 0x5f, 0xff, 0xfb, 0x30, 0x04, 0xdf, 0xff,
    0xf3, 0x00, 0x00, 0xef, 0xff, 0xa0, 0x00, 0x00, 0x0d, 0xff, 0xfc, 0x00, 0x06, 0xff, 0xff, 0x10, 0x00, 0x00,
    0x04, 0xff, 0xff, 0x30, 0x0b, 0xff, 0xf9, 0x00, 0x00, 0x00, 0x00, 0xef, 0xff, 0x80, 0x0e, 0xff, 0xf6, 0x00,
    0x00, 0x00, 0x00, 0xaf, 0xff, 0xa0, 0x0f, 0xff, 0xf4, 0x00, 0x00, 0x00, 0x00, 0x9f, 0xff, 0xb0, 0x0f, 0xff,
    0xf4, 0x00, 0x00, 0x00, 0x00, 0x9f, 0xff, 0xb0, 0x0f, 0xff, 0xf5, 0x00, 0x00, 0x00, 0x00, 0xaf, 0xff, 0xa0,
    0x0c, 0xff, 0xf9, 0x00, 0x00, 0x00, 0x00, 0xdf, 0xff, 0x70, 0x08, 0xff, 0xfe, 0x00, 0x00, 0x00, 0x03, 0xff,
    0xff, 0x20, 0x01, 0xff, 0xff, 0xa0, 0x00, 0x00, 0x1d, 0xff, 0xfb, 0x00, 0x00, 0x7f, 0xff, 0xfb, 0x30, 0x15,
    0xdf, 0xff, 0xe2, 0x00, 0x00, 0x09, 0xff, 0xff, 0xff, 0xff, 0xff, 0xff, 0x40, 0x00, 0x00, 0x00, 0x7f, 0xff,
    0xff, 0xff, 0xff, 0xc2, 0x00, 0x00, 0x00, 0x00, 0x01, 0x7b, 0xef, 0xfd, 0xa4, 0x00, 0x00, 0x00, 0x00, 0xef,
    0xff, 0xff, 0xff, 0xd9, 0x30, 0x00, 0x00, 0xef, 0xff, 0xff, 0xff, 0xff, 0xfa, 0x00, 0x00, 0xef, 0xff, 0xff,
    0xff, 0xff, 0xff, 0x80, 0x00, 0xef, 0xff, 0x30, 0x15, 0xef, 0xff, 0xf0, 0x00, 0xef, 0xff, 0x30, 0x00, 0x4f,
    0xff, 0xf4, 0x00, 0xef, 0xff, 0x30, 0x00, 0x0f, 0xff, 0xf5, 0x00, 0xef, 0xff, 0x30, 0x00, 0x0f, 0xff, 0xf5,
    0x00, 0xef, 0xff, 0x30, 0x00, 0x4f, 0xff, 0xf2, 0x00, 0xef, 0xff, 0x30, 0x15, 0xef, 0xff, 0xc0, 0x00, 0xef,
    0xff, 0xff, 0xff, 0xff, 0xff, 0x20, 0x00, 0xef, 0xff, 0xff, 0xff, 0xff, 0xd3, 0x00, 0x00, 0xef, 0xff, 0xff,
    0xfe, 0xb6, 0x00, 0x00, 0x00, 0xef, 0xff, 0x30, 0x00, 0x00, 0x00, 0x00, 0x00, 0xef, 0xff, 0x30, 0x00, 0x00,
    0x00, 0x00, 0x00, 0xef, 0xff, 0x30, 0x00, 0x00, 0x00, 0x00, 0x00, 0xef, 0xff, 0x30, 0x00, 0x00, 0x00, 0x00,
    0x00, 0xef, 0xff, 0x30, 0x00, 0x00, 0x00, 0x00, 0x00, 0xef, 0xff, 0x30, 0x00, 0x00, 0x00, 0x00, 0x00, 0x00,
    0x00, 0x6a, 0xdf, 0xfe, 0xb6, 0x00, 0x00, 0x00, 0x00, 0x00, 0x00, 0x5e, 0xff, 0xff, 0xff, 0xff, 0xe4, 0x00,
    0x00, 0x00, 0x00, 0x07, 0xff, 0xff, 0xff, 0xff, 0xff, 0xff, 0x60, 0x00, 0x00, 0x00, 0x5f, 0xff, 0xfb, 0x40,
    0x04, 0xdf, 0xff, 0xf3, 0x00, 0x00, 0x00, 0xef, 0xff, 0xa0, 0x00, 0x00, 0x0d, 0xff, 0xfc, 0x00, 0x00, 0x06,
    0xff, 0xff, 0x10, 0x00, 0x00, 0x04, 0xff, 0xff, 0x30, 0x00, 0x0b, 0xff, 0xf9, 0x00, 0x00, 0x00, 0x00, 0xef,
    0xff, 0x80, 0x00, 0x0e, 0xff, 0xf6, 0x00, 0x00, 0x00, 0x00, 0xaf, 0xff, 0xa0, 0x00, 0x0f, 0xff, 0xf4, 0x00,
    0x00, 0x00, 0x00, 0x9f, 0xff, 0xb0, 0x00, 0x0f, 0xff, 0xf4, 0x00, 0x00, 0x00, 0x00, 0x9f, 0xff, 0xb0, 0x00,
    0x0f, 0xff, 0xf5, 0x00, 0x00, 0x00, 0x00, 0xaf, 0xff, 0xa0, 0x00, 0x0c, 0xff, 0xf9, 0x00, 0x00, 0x00, 0x00,
    0xdf, 0xff, 0x70, 0x00, 0x08, 0xff, 0xfe, 0x00, 0x00, 0x00, 0x03, 0xff, 0xff, 0x20, 0x00, 0x01, 0xff, 0xff,
    0xa0, 0x00, 0x00, 0x1d, 0xff, 0xfb, 0x00, 0x00, 0x00, 0x7f, 0xff, 0xfb, 0x30, 0x15, 0xdf, 0xff, 0xe2, 0x00,
    0x00, 0x00, 0x09, 0xff, 0xff, 0xff, 0xff, 0xff, 0xff, 0x40, 0x00, 0x00, 0x00, 0x00, 0x7f, 0xff, 0xff, 0xff,
    0xff, 0xff, 0xa0, 0x00, 0x00, 0x00, 0x00, 0x01, 0x7b, 0xef, 0xfd, 0xdf, 0xff, 0xfc, 0x00, 0x00, 0x00, 0x00,
    0x00, 0x00, 0x00, 0x00, 0x0b, 0xff, 0xff, 0xc1, 0x00, 0x00, 0x00, 0x00, 0x00, 0x00, 0x00, 0x00, 0xaf, 0xff,
    0xfd, 0x20, 0x00, 0xef, 0xff, 0xff, 0xff, 0xda, 0x50, 0x00, 0x00, 0x00, 0xef, 0xff, 0xff, 0xff, 0xff, 0xfc,
    0x10, 0x00, 0x00, 0xef, 0xff, 0xff, 0xff, 0xff, 0xff, 0xa0, 0x00, 0x00, 0xef, 0xff, 0x30, 0x04, 0xdf, 0xff,
    0xf0, 0x00, 0x00, 0xef, 0xff, 0x30, 0x00, 0x4f, 0xff, 0xf2, 0x00, 0x00, 0xef, 0xff, 0x30, 0x00, 0x2f, 0xff,
    0xf2, 0x00, 0x00, 0xef, 0xff, 0x30, 0x00, 0x6f, 0xff, 0xe0, 0x00, 0x00, 0xef, 0xff, 0x30, 0x16, 0xff, 0xff,
    0x60, 0x00, 0x00, 0xef, 0xff, 0xff, 0xff, 0xff, 0xf8, 0x00, 0x00, 0x00, 0xef, 0xff, 0xff, 0xff, 0xfb, 0x30,
    0x00, 0x00, 0x00, 0xef, 0xff, 0xff, 0xff, 0xfe, 0x30, 0x00, 0x00, 0x00, 0xef, 0xff, 0x30, 0x9f, 0xff, 0xf2,
    0x00, 0x00, 0x00, 0xef, 0xff, 0x30, 0x0b, 0xff, 0xfc, 0x00, 0x00, 0x00, 0xef, 0xff, 0x30, 0x01, 0xff, 0xff,
    0x70, 0x00, 0x00, 0xef, 0xff, 0x30, 0x00, 0x7f, 0xff, 0xf2, 0x00, 0x00, 0xef, 0xff, 0x30, 0x00, 0x0d, 0xff,
    0xfc, 0x00, 0x00, 0xef, 0xff, 0x30, 0x00, 0x04, 0xff, 0xff, 0x60, 0x00, 0xef, 0xff, 0x30, 0x00, 0x00, 0xaf,
    0xff, 0xf1, 0x00, 0x00, 0x5a, 0xdf, 0xff, 0xda, 0x60, 0x00, 0x00, 0x2d, 0xff, 0xff, 0xff, 0xff, 0xd0, 0x00,
    0x01, 0xef, 0xff, 0xff, 0xff, 0xff, 0xd0, 0x00, 0x08, 0xff, 0xff, 0x72, 0x01, 0x37, 0xb0, 0x00, 0x0c, 0xff,
    0xf9, 0x00, 0x00, 0x00, 0x00, 0x00, 0x0c, 0xff, 0xfb, 0x00, 0x00, 0x00, 0x00, 0x00, 0x0a, 0xff, 0xff, 0xb2,
    0x00, 0x00, 0x00, 0x00, 0x03, 0xff, 0xff, 0xff, 0xa3, 0x00, 0x00, 0x00, 0x00, 0x6f, 0xff, 0xff, 0xff, 0xb2,
    0x00, 0x00, 0x00, 0x03, 0xcf, 0xff, 0xff, 0xff, 0x40, 0x00, 0x00, 0x00, 0x03, 0xaf, 0xff, 0xff, 0xf1, 0x00,
    0x00, 0x00, 0x00, 0x02, 0xcf, 0xff, 0xf7, 0x00, 0x00, 0x00, 0x00, 0x00, 0x0d, 0xff, 0xfa, 0x00, 0x08, 0x20,
    0x00, 0x00, 0x0c, 0xff, 0xf9, 0x00, 0x0c, 0xf9, 0x41, 0x02, 0x8f, 0xff, 0xf5, 0x00, 0x0c, 0xff, 0xff, 0xff,
    0xff, 0xff, 0xd0, 0x00, 0x0c, 0xff, 0xff, 0xff, 0xff, 0xfc, 0x20, 0x00, 0x01, 0x7b, 0xde, 0xff, 0xda, 0x50,
    0x00, 0x00, 0x9f, 0xff, 0xff, 0xff, 0xff, 0xff, 0xff, 0xd0, 0x9f, 0xff, 0xff, 0xff, 0xff, 0xff, 0xff, 0xd0,
    0x9f, 0xff, 0xff, 0xff, 0xff, 0xff, 0xff, 0xd0, 0x00, 0x00, 0x07, 0xff, 0xfa, 0x00, 0x00, 0x00, 0x00, 0x00,
    0x07, 0xff, 0xfa, 0x00, 0x00, 0x00, 0x00, 0x00, 0x07, 0xff, 0xfa, 0x00, 0x00, 0x00, 0x00, 0x00, 0x07, 0xff,
    0xfa, 0x00, 0x00, 0x00, 0x00, 0x00, 0x07, 0xff, 0xfa, 0x00, 0x00, 0x00, 0x00, 0x00, 0x07, 0xff, 0xfa, 0x00,
    0x00, 0x00, 0x00, 0x00, 0x07, 0xff, 0xfa, 0x00, 0x00, 0x00, 0x00, 0x00, 0x07, 0xff, 0xfa, 0x00, 0x00, 0x00,
    0x00, 0x00, 0x07, 0xff, 0xfa, 0x00, 0x00, 0x00, 0x00, 0x00, 0x07, 0xff, 0xfa, 0x00, 0x00, 0x00, 0x00, 0x00,
    0x07, 0xff, 0xfa, 0x00, 0x00, 0x00, 0x00, 0x00, 0x07, 0xff, 0xfa, 0x00, 0x00, 0x00, 0x00, 0x00, 0x07, 0xff,
    0xfa, 0x00, 0x00, 0x00, 0x00, 0x00, 0x07, 0xff, 0xfa, 0x00, 0x00, 0x00, 0x00, 0x00, 0x07, 0xff, 0xfa, 0x00,
    0x00, 0x00, 0x02, 0xff, 0xff, 0x00, 0x00, 0x00, 0x2f, 0xff, 0xe0, 0x00, 0x02, 0xff, 0xff, 0x00, 0x00, 0x00,
    0x2f, 0xff, 0xe0, 0x00, 0x02, 0xff, 0xff, 0x00, 0x00, 0x00, 0x2f, 0xff, 0xe0, 0x00, 0x02, 0xff, 0xff, 0x00,
    0x00, 0x00, 0x2f, 0xff, 0xe0, 0x00, 0x02, 0xff, 0xff, 0x00, 0x00, 0x00, 0x2f, 0xff, 0xe0, 0x00, 0x02, 0xff,
    0xff, 0x00, 0x00, 0x00, 0x2f, 0xff, 0xe0, 0x00, 0x02, 0xff, 0xff, 0x00, 0x00, 0x00, 0x2f, 0xff, 0xe0, 0x00,
    0x02, 0xff, 0xff, 0x00, 0x00, 0x00, 0x2f, 0xff, 0xe0, 0x00, 0x02, 0xff, 0xff, 0x00, 0x00, 0x00, 0x2f, 0xff,
    0xe0, 0x00, 0x02, 0xff, 0xff, 0x00, 0x00, 0x00, 0x2f, 0xff, 0xe0, 0x00, 0x01, 0xff, 0xff, 0x00, 0x00, 0x00,
    0x2f, 0xff, 0xe0, 0x00, 0x01, 0xff, 0xff, 0x00, 0x00, 0x00, 0x3f, 0xff, 0xd0, 0x00, 0x00, 0xef, 0xff, 0x30,
    0x00, 0x00, 0x6f, 0xff, 0xa0, 0x00, 0x00, 0xbf, 0xff, 0x90, 0x00, 0x00, 0xcf, 0xff, 0x60, 0x00, 0x00, 0x4f,
    0xff, 0xf8, 0x10, 0x2a, 0xff, 0xff, 0x00, 0x00, 0x00, 0x0b, 0xff, 0xff, 0xff, 0xff, 0xff, 0xf6, 0x00, 0x00,
    0x00, 0x00, 0xaf, 0xff, 0xff, 0xff, 0xff, 0x60, 0x00, 0x00, 0x00, 0x00, 0x04, 0xad, 0xff, 0xec, 0x81, 0x00,
    0x00, 0x00, 0xbf, 0xff, 0xb0, 0x00, 0x00, 0x00, 0x3f, 0xff, 0xf1, 0x5f, 0xff, 0xf0, 0x00, 0x00, 0x00, 0x8f,
    0xff, 0xb0, 0x0f, 0xff, 0xf4, 0x00, 0x00, 0x00, 0xdf, 0xff, 0x50, 0x0a, 0xff, 0xf9, 0x00, 0x00, 0x01, 0xff,
    0xff, 0x00, 0x05, 0xff, 0xfe, 0x00, 0x00, 0x06, 0xff, 0xfa, 0x00, 0x00, 0xff, 0xff, 0x30, 0x00, 0x0b, 0xff,
    0xf5, 0x00, 0x00, 0xaf, 0xff, 0x80, 0x00, 0x0f, 0xff, 0xf0, 0x00, 0x00, 0x4f, 0xff, 0xd0, 0x00, 0x5f, 0xff,
    0x90, 0x00, 0x00, 0x0e, 0xff, 0xf1, 0x00, 0xaf, 0xff, 0x40, 0x00, 0x00, 0x09, 0xff, 0xf6, 0x00, 0xef, 0xfe,
    0x00, 0x00, 0x00, 0x04, 0xff, 0xfb, 0x03, 0xff, 0xf9, 0x00, 0x00, 0x00, 0x00, 0xef, 0xff, 0x08, 0xff, 0xf3,
    0x00, 0x00, 0x00, 0x00, 0x9f, 0xff, 0x5d, 0xff, 0xe0, 0x00, 0x00, 0x00, 0x00, 0x3f, 0xff, 0x9f, 0xff, 0x80,
    0x00, 0x00, 0x00, 0x00, 0x0e, 0xff, 0xff, 0xff, 0x20, 0x00, 0x00, 0x00, 0x00, 0x08, 0xff, 0xff, 0xfd, 0x00,
    0x00, 0x00, 0x00, 0x00, 0x03, 0xff, 0xff, 0xf7, 0x00, 0x00, 0x00, 0x00, 0x00, 0x00, 0xdf, 0xff, 0xf2, 0x00,
    0x00, 0x00, 0xaf, 0xff, 0xd0, 0x00, 0x00, 0x0d, 0xff, 0xfc, 0x00, 0x00, 0x05, 0xff, 0xfc, 0x5f, 0xff, 0xf0,
    0x00, 0x00, 0x2f, 0xff, 0xff, 0x00, 0x00, 0x08, 0xff, 0xf8, 0x1f, 0xff, 0xf4, 0x00, 0x00, 0x6f, 0xff, 0xff,
    0x40, 0x00, 0x0c, 0xff, 0xf3, 0x0d, 0xff, 0xf7, 0x00, 0x00, 0xbf, 0xff, 0xff, 0x80, 0x00, 0x0f, 0xff, 0xf0,
    0x09, 0xff, 0xfa, 0x00, 0x00, 0xff, 0xfe, 0xff, 0xc0, 0x00, 0x2f, 0xff, 0xb0, 0x04, 0xff, 0xfe, 0x00, 0x04,
    0xff, 0xfa, 0xff, 0xf0, 0x00, 0x6f, 0xff, 0x60, 0x00, 0xff, 0xff, 0x10, 0x08, 0xff, 0xd7, 0xff, 0xf4, 0x00,
    0x9f, 0xff, 0x20, 0x00, 0xcf, 0xff, 0x50, 0x0c, 0xff, 0x93, 0xff, 0xf8, 0x00, 0xcf, 0xfe, 0x00, 0x00, 0x8f,
    0xff, 0x80, 0x1f, 0xff, 0x40, 0xef, 0xfc, 0x00, 0xff, 0xfa, 0x00, 0x00, 0x3f, 0xff, 0xb0, 0x5f, 0xff, 0x00,
    0xaf, 0xff, 0x03, 0xff, 0xf5, 0x00, 0x00, 0x0f, 0xff, 0xf0, 0xaf, 0xfc, 0x00, 0x6f, 0xff, 0x36, 0xff, 0xf1,
    0x00, 0x00, 0x0b, 0xff, 0xf2, 0xef, 0xf7, 0x00, 0x2f, 0xff, 0x7a, 0xff, 0xd0, 0x00, 0x00, 0x07, 0xff, 0xf7,
    0xff, 0xf3, 0x00, 0x0e, 0xff, 0xbd, 0xff, 0x90, 0x00, 0x00, 0x02, 0xff, 0xfc, 0xff, 0xf0, 0x00, 0x0a, 0xff,
    0xdf, 0xff, 0x40, 0x00, 0x00, 0x00, 0xef, 0xff, 0xff, 0xb0, 0x00, 0x05, 0xff, 0xff, 0xff, 0x00, 0x00, 0x00,
    0x00, 0xaf, 0xff, 0xff, 0x60, 0x00, 0x01, 0xff, 0xff, 0xfc, 0x00, 0x00, 0x00, 0x00, 0x6f, 0xff, 0xff, 0x20,
    0x00, 0x00, 0xdf, 0xff, 0xf7, 0x00, 0x00, 0x00, 0x00, 0x1f, 0xff, 0xfe, 0x00, 0x00, 0x00, 0x9f, 0xff, 0xf3,
    0x00, 0x00, 0x2f, 0xff, 0xfc, 0x00, 0x00, 0x01, 0xff, 0xff, 0x70, 0x08, 0xff, 0xff, 0x40, 0x00, 0x09, 0xff,
    0xfd, 0x00, 0x00, 0xef, 0xff, 0xc0, 0x00, 0x2f, 0xff, 0xf4, 0x00, 0x00, 0x5f, 0xff, 0xf4, 0x00, 0xaf, 0xff,
    0xa0, 0x00, 0x00, 0x0c, 0xff, 0xfb, 0x03, 0xff, 0xff, 0x10, 0x00, 0x00, 0x03, 0xff, 0xff, 0x3b, 0xff, 0xf6,
    0x00, 0x00, 0x00, 0x00, 0x9f, 0xff, 0xaf, 0xff, 0xc0, 0x00, 0x00, 0x00, 0x00, 0x1e, 0xff, 0xff, 0xff, 0x30,
    0x00, 0x00, 0x00, 0x00, 0x06, 0xff, 0xff, 0xf9, 0x00, 0x00, 0x00, 0x00, 0x00, 0x07, 0xff, 0xff, 0xfb, 0x00,
    0x00, 0x00, 0x00, 0x00, 0x2f, 0xff, 0xff, 0xff, 0x50, 0x00, 0x00, 0x00, 0x00, 0xbf, 0xff, 0xaf, 0xff, 0xe0,
    0x00, 0x00, 0x00, 0x06, 0xff, 0xfe, 0x0d, 0xff, 0xf8, 0x00, 0x00, 0x00, 0x1e, 0xff, 0xf6, 0x05, 0xff, 0xff,
    0x20, 0x00, 0x00, 0xaf, 0xff, 0xd0, 0x00, 0xcf, 0xff, 0xc0, 0x00, 0x04, 0xff, 0xff, 0x50, 0x00, 0x4f, 0xff,
    0xf6, 0x00, 0x0e, 0xff, 0xfc, 0x00, 0x00, 0x0b, 0xff, 0xfe, 0x10, 0x9f, 0xff, 0xf3, 0x00, 0x00, 0x03, 0xff,
    0xff, 0xa0, 0xcf, 0xff, 0xe0, 0x00, 0x00, 0x0c, 0xff, 0xf8, 0x4f, 0xff, 0xf5, 0x00, 0x00, 0x3f, 0xff, 0xf1,
    0x0c, 0xff, 0xfc, 0x00, 0x00, 0xaf, 0xff, 0x80, 0x04, 0xff, 0xff, 0x30, 0x01, 0xff, 0xff, 0x10, 0x00, 0xcf,
    0xff, 0xa0, 0x08, 0xff, 0xf8, 0x00, 0x00, 0x4f, 0xff, 0xf1, 0x0e, 0xff, 0xe0, 0x00, 0x00, 0x0c, 0xff, 0xf8,
    0x6f, 0xff, 0x70, 0x00, 0x00, 0x04, 0xff, 0xfd, 0xcf, 0xfe, 0x00, 0x00, 0x00, 0x00, 0xcf, 0xff, 0xff, 0xf7,
    0x00, 0x00, 0x00, 0x00, 0x4f, 0xff, 0xff, 0xe0, 0x00, 0x00, 0x00, 0x00, 0x0c, 0xff, 0xff, 0x60, 0x00, 0x00,
    0x00, 0x00, 0x05, 0xff, 0xfe, 0x00, 0x00, 0x00, 0x00, 0x00, 0x03, 0xff, 0xfe, 0x00, 0x00, 0x00, 0x00, 0x00,
    0x03, 0xff, 0xfe, 0x00, 0x00, 0x00, 0x00, 0x00, 0x03, 0xff, 0xfe, 0x00, 0x00, 0x00, 0x00, 0x00, 0x03, 0xff,
    0xfe, 0x00, 0x00, 0x00, 0x00, 0x00, 0x03, 0xff, 0xfe, 0x00, 0x00, 0x00, 0x00, 0x00, 0x03, 0xff, 0xfe, 0x00,
    0x00, 0x00, 0x0d, 0xff, 0xff, 0xff, 0xff, 0xff, 0xff, 0xf2, 0x0d, 0xff, 0xff, 0xff, 0xff, 0xff, 0xff, 0xf2,
    0x0d, 0xff, 0xff, 0xff, 0xff, 0xff, 0xff, 0xd0, 0x00, 0x00, 0x00, 0x00, 0x08, 0xff, 0xff, 0x20, 0x00, 0x00,
    0x00, 0x00, 0x3f, 0xff, 0xf6, 0x00, 0x00, 0x00, 0x00, 0x01, 0xef, 0xff, 0xb0, 0x00, 0x00, 0x00, 0x00, 0x0a,
    0xff, 0xfe, 0x10, 0x00, 0x00, 0x00, 0x00, 0x6f, 0xff, 0xf5, 0x00, 0x00, 0x00, 0x00, 0x02, 0xff, 0xff, 0x90,
    0x00, 0x00, 0x00, 0x00, 0x0d, 0xff, 0xfd, 0x00, 0x00, 0x00, 0x00, 0x00, 0x9f, 0xff, 0xf3, 0x00, 0x00, 0x00,
    0x00, 0x05, 0xff, 0xff, 0x70, 0x00, 0x00, 0x00, 0x00, 0x1e, 0xff, 0xfc, 0x00, 0x00, 0x00, 0x00, 0x00, 0xbf,
    0xff, 0xf2, 0x00, 0x00, 0x00, 0x00, 0x07, 0xff, 0xff, 0x60, 0x00, 0x00, 0x00, 0x00, 0x3f, 0xff, 0xff, 0xff,
    0xff, 0xff, 0xff, 0xf3, 0x7f, 0xff, 0xff, 0xff, 0xff, 0xff, 0xff, 0xf3, 0x7f, 0xff, 0xff, 0xff, 0xff, 0xff,
    0xff, 0xf3, 0x00, 0x4f, 0xff, 0xff, 0xb0, 0x00, 0x4f, 0xff, 0xff, 0xb0, 0x00, 0x4f, 0xff, 0xff, 0xb0, 0x00,
    0x4f, 0xff, 0x10, 0x00, 0x00, 0x4f, 0xff, 0x10, 0x00, 0x00, 0x4f, 0xff, 0x10, 0x00, 0x00, 0x4f, 0xff, 0x10,
    0x00, 0x00, 0x4f, 0xff, 0x10, 0x00, 0x00, 0x4f, 0xff, 0x10, 0x00, 0x00, 0x4f, 0xff, 0x10, 0x00, 0x00, 0x4f,
    0xff, 0x10, 0x00, 0x00, 0x4f, 0xff, 0x10, 0x00, 0x00, 0x4f, 0xff, 0x10, 0x00, 0x00, 0x4f, 0xff, 0x10, 0x00,
    0x00, 0x4f, 0xff, 0x10, 0x00, 0x00, 0x4f, 0xff, 0x10, 0x00, 0x00, 0x4f, 0xff, 0x10, 0x00, 0x00, 0x4f, 0xff,
    0x10, 0x00, 0x00, 0x4f, 0xff, 0x10, 0x00, 0x00, 0x4f, 0xff, 0x10, 0x00, 0x00, 0x4f, 0xff, 0xff, 0xb0, 0x00,
    0x4f, 0xff, 0xff, 0xb0, 0x00, 0x4f, 0xff, 0xff, 0xb0, 0xcf, 0xfc, 0x00, 0x00, 0x00, 0x00, 0x00, 0x6f, 0xff,
    0x20, 0x00, 0x00, 0x00, 0x00, 0x0e, 0xff, 0x90, 0x00, 0x00, 0x00, 0x00, 0x08, 0xff, 0xf0, 0x00, 0x00, 0x00,
    0x00, 0x02, 0xff, 0xf6, 0x00, 0x00, 0x00, 0x00, 0x00, 0xbf, 0xfd, 0x00, 0x00, 0x00, 0x00, 0x00, 0x5f, 0xff,
    0x30, 0x00, 0x00, 0x00, 0x00, 0x0e, 0xff, 0xa0, 0x00, 0x00, 0x00, 0x00, 0x07, 0xff, 0xf1, 0x00, 0x00, 0x00,
    0x00, 0x01, 0xff, 0xf7, 0x00, 0x00, 0x00, 0x00, 0x00, 0xaf, 0xfd, 0x00, 0x00, 0x00, 0x00, 0x00, 0x4f, 0xff,
    0x40, 0x00, 0x00, 0x00, 0x00, 0x0d, 0xff, 0xb0, 0x00, 0x00, 0x00, 0x00, 0x07, 0xff, 0xf2, 0x00, 0x00, 0x00,
    0x00, 0x01, 0xff, 0xf8, 0x00, 0x00, 0x00, 0x00, 0x00, 0x9f, 0xfe, 0x00, 0x00, 0x00, 0x00, 0x00, 0x3f, 0xff,
    0x50, 0x00, 0x00, 0x00, 0x00, 0x0c, 0xff, 0xc0, 0x00, 0x00, 0x00, 0x00, 0x06, 0xff, 0xf2, 0x00, 0x00, 0x00,
    0x00, 0x00, 0xef, 0xf9, 0x00, 0x00, 0x00, 0x00, 0x00, 0x8f, 0xff, 0x00, 0x1f, 0xff, 0xff, 0xe0, 0x00, 0x1f,
    0xff, 0xff, 0xe0, 0x00, 0x1f, 0xff, 0xff, 0xe0, 0x00, 0x00, 0x07, 0xff, 0xe0, 0x00, 0x00, 0x07, 0xff, 0xe0,
    0x00, 0x00, 0x07, 0xff, 0xe0, 0x00, 0x00, 0x07, 0xff, 0xe0, 0x00, 0x00, 0x07, 0xff, 0xe0, 0x00, 0x00, 0x07,
    0xff, 0xe0, 0x00, 0x00, 0x07, 0xff, 0xe0, 0x00, 0x00, 0x07, 0xff, 0xe0, 0x00, 0x00, 0x07, 0xff, 0xe0, 0x00,
    0x00, 0x07, 0xff, 0xe0, 0x00, 0x00, 0x07, 0xff, 0xe0, 0x00, 0x00, 0x07, 0xff, 0xe0, 0x00, 0x00, 0x07, 0xff,
    0xe0, 0x00, 0x00, 0x07, 0xff, 0xe0, 0x00, 0x00, 0x07, 0xff, 0xe0, 0x00, 0x00, 0x07, 0xff, 0xe0, 0x00, 0x00,
    0x07, 0xff, 0xe0, 0x00, 0x1f, 0xff, 0xff, 0xe0, 0x00, 0x1f, 0xff, 0xff, 0xe0, 0x00, 0x1f, 0xff, 0xff, 0xe0,
    0x00, 0x00, 0x00, 0x00, 0x03, 0xff, 0x50, 0x00, 0x00, 0x00, 0x00, 0x00, 0x00, 0x0b, 0xff, 0xd0, 0x00, 0x00,
    0x00, 0x00, 0x00, 0x00, 0x3f, 0xff, 0xf6, 0x00, 0x00, 0x00, 0x00, 0x00, 0x00, 0xbf, 0xda, 0xfe, 0x00, 0x00,
    0x00, 0x00, 0x00, 0x03, 0xff, 0x63, 0xff, 0x70, 0x00, 0x00, 0x00, 0x00, 0x0b, 0xff, 0x00, 0xbf, 0xe0, 0x00,
    0x00, 0x00, 0x00, 0x3f, 0xf9, 0x00, 0x4f, 0xf8, 0x00, 0x00, 0x00, 0x00, 0xbf, 0xf2, 0x00, 0x0d, 0xff, 0x10,
    0x00, 0x00, 0x03, 0xff, 0xb0, 0x00, 0x06, 0xff, 0x80, 0x00, 0x00, 0x0a, 0xff, 0x40, 0x00, 0x00, 0xef, 0xf1,
    0x00, 0x00, 0x2f, 0xfd, 0x00, 0x00, 0x00, 0x7f, 0xf9, 0x00, 0x00, 0x00, 0x00, 0x00, 0x00, 0x00, 0x00, 0x00,
    0x00, 0x00, 0x00, 0x00, 0x00, 0x00, 0x00, 0x00, 0x00, 0x00, 0x00, 0x00, 0x00, 0x00, 0x00, 0x00, 0x00, 0x00,
    0x00, 0x00, 0x00, 0x00, 0x00, 0x00, 0x00, 0x00, 0x00, 0x00, 0x00, 0x00, 0x00, 0x00, 0x00, 0x00, 0x00, 0x00,
    0x00, 0x00, 0x00, 0x00, 0x00, 0x00, 0x00, 0x00, 0x00, 0x00, 0x00, 0x00, 0x00, 0x00, 0x00, 0x00, 0x00, 0x00,
    0x00, 0x00, 0x00, 0x00, 0x00, 0x00, 0x00, 0x00, 0x00, 0x00, 0x00, 0x00, 0x00, 0xff, 0xff, 0xff, 0xff, 0xff,
    0xc0, 0xff, 0xff, 0xff, 0xff, 0xff, 0xc0, 0x0c, 0xff, 0xa0, 0x00, 0x00, 0xcf, 0xf7, 0x00, 0x00, 0x0c, 0xff,
    0x50, 0x00, 0x00, 0xcf, 0xf3, 0x00, 0x00, 0x00, 0x00, 0x00, 0x00, 0x00, 0x00, 0x00, 0x00, 0x00, 0x00, 0x00,
    0x00, 0x00, 0x00, 0x00, 0x00, 0x00, 0x00, 0x00, 0x00, 0x00, 0x00, 0x00, 0x00, 0x00, 0x00, 0x00, 0x00, 0x00,
    0x00, 0x00, 0x00, 0x00, 0x00, 0x00, 0x00, 0x00, 0x00, 0x00, 0x00, 0x00, 0x00, 0x00, 0x00, 0x00, 0x00, 0x00,
    0x00, 0x00, 0x00, 0x00, 0x00, 0x00, 0x00, 0x00, 0x00, 0x00, 0x00, 0x00, 0x27, 0xbe, 0xff, 0xd9, 0x20, 0x00,
    0x00, 0xff, 0xff, 0xff, 0xff, 0xf3, 0x00, 0x00, 0xff, 0xff, 0xff, 0xff, 0xfd, 0x00, 0x00, 0xd7, 0x31, 0x02,
    0xbf, 0xff, 0x40, 0x00, 0x00, 0x01, 0x35, 0xaf, 0xff, 0x60, 0x00, 0x3a, 0xef, 0xff, 0xff, 0xff, 0x70, 0x05,
    0xff, 0xff, 0xca, 0xaf, 0xff, 0x80, 0x0e, 0xff, 0xc1, 0x00, 0x4f, 0xff, 0x80, 0x3f, 0xff, 0x70, 0x00, 0x8f,
    0xff, 0x80, 0x4f, 0xff, 0xd2, 0x16, 0xff, 0xff, 0x80, 0x1f, 0xff, 0xff, 0xff, 0xff, 0xff, 0x80, 0x09, 0xff,
    0xff, 0xfe, 0x6f, 0xff, 0x80, 0x00, 0x7d, 0xfe, 0xa1, 0x4f, 0xff, 0x80, 0x05, 0xff, 0xfb, 0x00, 0x00, 0x00,
    0x00, 0x00, 0x05, 0xff, 0xfb, 0x00, 0x00, 0x00, 0x00, 0x00, 0x05, 0xff, 0xfb, 0x00, 0x00, 0x00, 0x00, 0x00,
    0x05, 0xff, 0xfb, 0x00, 0x00, 0x00, 0x00, 0x00, 0x05, 0xff, 0xfb, 0x00, 0x00, 0x00, 0x00, 0x00, 0x05, 0xff,
    0xfb, 0x00, 0x00, 0x00, 0x00, 0x00, 0x05, 0xff, 0xfb, 0x06, 0xcf, 0xfc, 0x60, 0x00, 0x05, 0xff, 0xfb, 0xaf,
    0xff, 0xff, 0xfa, 0x00, 0x05, 0xff, 0xff, 0xff, 0xff, 0xff, 0xff, 0x60, 0x05, 0xff, 0xff, 0xc3, 0x04, 0xdf,
    0xff, 0xc0, 0x05, 0xff, 0xff, 0x10, 0x00, 0x4f, 0xff, 0xf0, 0x05, 0xff, 0xfb, 0x00, 0x00, 0x0f, 0xff, 0xf2,
    0x05, 0xff, 0xfa, 0x00, 0x00, 0x0f, 0xff, 0xf2, 0x05, 0xff, 0xfa, 0x00, 0x00, 0x1f, 0xff, 0xf1, 0x05, 0xff,
    0xfe, 0x00, 0x00, 0x6f, 0xff, 0xe0, 0x05, 0xff, 0xff, 0xb2, 0x15, 0xff, 0xff, 0x90, 0x05, 0xff, 0xff, 0xff,
    0xff, 0xff, 0xfe, 0x10, 0x05, 0xff, 0xfc, 0xef, 0xff, 0xff, 0xf4, 0x00, 0x05, 0xff, 0xfb, 0x19, 0xef, 0xe9,
    0x20, 0x00, 0x00, 0x00, 0x39, 0xdf, 0xfe, 0xc4, 0x00, 0x09, 0xff, 0xff, 0xff, 0xf8, 0x00, 0xaf, 0xff, 0xff,
    0xff, 0xf8, 0x05, 0xff, 0xff, 0xa3, 0x02, 0x67, 0x0b, 0xff, 0xf9, 0x00, 0x00, 0x00, 0x0f, 0xff, 0xf2, 0x00,
    0x00, 0x00, 0x0f, 0xff, 0xf0, 0x00, 0x00, 0x00, 0x0f, 0xff, 0xf2, 0x00, 0x00, 0x00, 0x0d, 0xff, 0xf9, 0x00,
    0x00, 0x00, 0x07, 0xff, 0xff, 0x92, 0x02, 0x77, 0x00, 0xdf, 0xff, 0xff, 0xff, 0xf8, 0x00, 0x1c, 0xff, 0xff,
    0xff, 0xf8, 0x00, 0x00, 0x5b, 0xef, 0xfd, 0xa3, 0x00, 0x00, 0x00, 0x00, 0x00, 0x9f, 0xff, 0x60, 0x00, 0x00,
    0x00, 0x00, 0x00, 0x9f, 0xff, 0x60, 0x00, 0x00, 0x00, 0x00, 0x00, 0x9f, 0xff, 0x60, 0x00, 0x00, 0x00, 0x00,
    0x00, 0x9f, 0xff, 0x60, 0x00, 0x00, 0x00, 0x00, 0x00, 0x9f, 0xff, 0x60, 0x00, 0x00, 0x00, 0x00, 0x00, 0x9f,
    0xff, 0x60, 0x00, 0x01, 0x8d, 0xfe, 0xb3, 0x9f, 0xff, 0x60, 0x00, 0x2e, 0xff, 0xff, 0xff, 0xcf, 0xff, 0x60,
    0x00, 0xdf, 0xff, 0xff, 0xff, 0xff, 0xff, 0x60, 0x07, 0xff, 0xff, 0x61, 0x2a, 0xff, 0xff, 0x60, 0x0c, 0xff,
    0xf7, 0x00, 0x00, 0xdf, 0xff, 0x60, 0x0f, 0xff, 0xf2, 0x00, 0x00, 0x9f, 0xff, 0x60, 0x0f, 0xff, 0xf0, 0x00,
    0x00, 0x8f, 0xff, 0x60, 0x0f, 0xff, 0xf1, 0x00, 0x00, 0xaf, 0xff, 0x60, 0x0e, 0xff, 0xf6, 0x00, 0x00, 0xef,
    0xff, 0x60, 0x0a, 0xff, 0xfe, 0x50, 0x2b, 0xff, 0xff, 0x60, 0x03, 0xff, 0xff, 0xff, 0xff, 0xff, 0xff, 0x60,
    0x00, 0x6f, 0xff, 0xff, 0xfd, 0xaf, 0xff, 0x60, 0x00, 0x03, 0xbe, 0xfd, 0x80, 0x9f, 0xff, 0x60, 0x00, 0x00,
    0x5b, 0xef, 0xeb, 0x50, 0x00, 0x00, 0x1b, 0xff, 0xff, 0xff, 0xfb, 0x00, 0x00, 0xcf, 0xff, 0xff, 0xff, 0xff,
    0x90, 0x06, 0xff, 0xfc, 0x30, 0x3d, 0xff, 0xf1, 0x0c, 0xff, 0xf1, 0x00, 0x06, 0xff, 0xf4, 0x0f, 0xff, 0xff,
    0xff, 0xff, 0xff, 0xf5, 0x0f, 0xff, 0xff, 0xff, 0xff, 0xff, 0xf6, 0x0f, 0xff, 0xf0, 0x00, 0x00, 0x00, 0x00,
    0x0d, 0xff, 0xf5, 0x00, 0x00, 0x00, 0x00, 0x08, 0xff, 0xff, 0x61, 0x02, 0x4b, 0x30, 0x01, 0xef, 0xff, 0xff,
    0xff, 0xff, 0x30, 0x00, 0x3e, 0xff, 0xff, 0xff, 0xff, 0x30, 0x00, 0x01, 0x7c, 0xef, 0xfd, 0xa5, 0x00, 0x00,
    0x00, 0x18, 0xdf, 0xff, 0x20, 0x00, 0x02, 0xef, 0xff, 0xff, 0x20, 0x00, 0x0c, 0xff, 0xff, 0xff, 0x20, 0x00,
    0x1f, 0xff, 0xf5, 0x00, 0x00, 0x00, 0x3f, 0xff, 0xc0, 0x00, 0x00, 0x00, 0x4f, 0xff, 0xc0, 0x00, 0x00, 0x6f,
    0xff, 0xff, 0xff, 0xfb, 0x00, 0x6f, 0xff, 0xff, 0xff, 0xfb, 0x00, 0x6f, 0xff, 0xff, 0xff, 0xfb, 0x00, 0x00,
    0x4f, 0xff, 0xc0, 0x00, 0x00, 0x00, 0x4f, 0xff, 0xc0, 0x00, 0x00, 0x00, 0x4f, 0xff, 0xc0, 0x00, 0x00, 0x00,
    0x4f, 0xff, 0xc0, 0x00, 0x00, 0x00, 0x4f, 0xff, 0xc0, 0x00, 0x00, 0x00, 0x4f, 0xff, 0xc0, 0x00, 0x00, 0x00,
    0x4f, 0xff, 0xc0, 0x00, 0x00, 0x00, 0x4f, 0xff, 0xc0, 0x00, 0x00, 0x00, 0x4f, 0xff, 0xc0, 0x00, 0x00, 0x00,
    0x4f, 0xff, 0xc0, 0x00, 0x00, 0x00, 0x01, 0x8d, 0xfe, 0xb2, 0x9f, 0xff, 0x70, 0x00, 0x2e, 0xff, 0xff, 0xff,
    0xcf, 0xff, 0x70, 0x00, 0xdf, 0xff, 0xff, 0xff, 0xff, 0xff, 0x70, 0x07, 0xff, 0xff, 0x61, 0x2a, 0xff, 0xff,
    0x70, 0x0c, 0xff, 0xf7, 0x00, 0x00, 0xdf, 0xff, 0x70, 0x0f, 0xff, 0xf2, 0x00, 0x00, 0x9f, 0xff, 0x70, 0x0f,
    0xff, 0xf0, 0x00, 0x00, 0x8f, 0xff, 0x70, 0x0f, 0xff, 0xf1, 0x00, 0x00, 0xaf, 0xff, 0x70, 0x0e, 0xff, 0xf6,
    0x00, 0x00, 0xef, 0xff, 0x70, 0x0a, 0xff, 0xfe, 0x50, 0x2b, 0xff, 0xff, 0x70, 0x03, 0xff, 0xff, 0xff, 0xff,
    0xff, 0xff, 0x70, 0x00, 0x6f, 0xff, 0xff, 0xfc, 0xaf, 0xff, 0x60, 0x00, 0x03, 0xbe, 0xfd, 0x80, 0xaf, 0xff,
    0x50, 0x00, 0x00, 0x00, 0x00, 0x00, 0xdf, 0xff, 0x30, 0x00, 0x00, 0x00, 0x00, 0x06, 0xff, 0xfe, 0x00, 0x00,
    0xb7, 0x31, 0x02, 0x8f, 0xff, 0xf7, 0x00, 0x00, 0xef, 0xff, 0xff, 0xff, 0xff, 0xc0, 0x00, 0x00, 0xef, 0xff,
    0xff, 0xff, 0xfa, 0x00, 0x00, 0x00, 0x6b, 0xef, 0xfe, 0xc9, 0x30, 0x00, 0x00, 0x05, 0xff, 0xfb, 0x00, 0x00,
    0x00, 0x00, 0x00, 0x05, 0xff, 0xfb, 0x00, 0x00, 0x00, 0x00, 0x00, 0x05, 0xff, 0xfb, 0x00, 0x00, 0x00, 0x00,
    0x00, 0x05, 0xff, 0xfb, 0x00, 0x00, 0x00, 0x00, 0x00, 0x05, 0xff, 0xfb, 0x00, 0x00, 0x00, 0x00, 0x00, 0x05,
    0xff, 0xfb, 0x00, 0x00, 0x00, 0x00, 0x00, 0x05, 0xff, 0xfb, 0x06, 0xdf, 0xeb, 0x30, 0x00, 0x05, 0xff, 0xfb,
    0xaf, 0xff, 0xff, 0xf3, 0x00, 0x05, 0xff, 0xff, 0xff, 0xff, 0xff, 0xfb, 0x00, 0x05, 0xff, 0xff, 0xb2, 0x19,
    0xff, 0xff, 0x00, 0x05, 0xff, 0xfe, 0x00, 0x00, 0xff, 0xff, 0x20, 0x05, 0xff, 0xfb, 0x00, 0x00, 0xdf, 0xff,
    0x20, 0x05, 0xff, 0xfb, 0x00, 0x00, 0xdf, 0xff, 0x20, 0x05, 0xff, 0xfb, 0x00, 0x00, 0xdf, 0xff, 0x20, 0x05,
    0xff, 0xfb, 0x00, 0x00, 0xdf, 0xff, 0x20, 0x05, 0xff, 0xfb, 0x00, 0x00, 0xdf, 0xff, 0x20, 0x05, 0xff, 0xfb,
    0x00, 0x00, 0xdf, 0xff, 0x20, 0x05, 0xff, 0xfb, 0x00, 0x00, 0xdf, 0xff, 0x20, 0x05, 0xff, 0xfb, 0x00, 0x00,
    0xdf, 0xff, 0x20, 0x00, 0xaf, 0xd4, 0x00, 0x07, 0xff, 0xfe, 0x00, 0x07, 0xff, 0xfe, 0x00, 0x00, 0xaf, 0xd4,
    0x00, 0x00, 0x00, 0x00, 0x00, 0x00, 0x00, 0x00, 0x00, 0x05, 0xff, 0xfb, 0x00, 0x05, 0xff, 0xfb, 0x00, 0x05,
    0xff, 0xfb, 0x00, 0x05, 0xff, 0xfb, 0x00, 0x05, 0xff, 0xfb, 0x00, 0x05, 0xff, 0xfb, 0x00, 0x05, 0xff, 0xfb,
    0x00, 0x05, 0xff, 0xfb, 0x00, 0x05, 0xff, 0xfb, 0x00, 0x05, 0xff, 0xfb, 0x00, 0x05, 0xff, 0xfb, 0x00, 0x05,
    0xff, 0xfb, 0x00, 0x05, 0xff, 0xfb, 0x00, 0x00, 0x00, 0xaf, 0xd4, 0x00, 0x00, 0x07, 0xff, 0xfe, 0x00, 0x00,
    0x07, 0xff, 0xfe, 0x00, 0x00, 0x00, 0xaf, 0xd4, 0x00, 0x00, 0x00, 0x00, 0x00, 0x00, 0x00, 0x00, 0x00, 0x00,
    0x00, 0x00, 0x05, 0xff, 0xfb, 0x00, 0x00, 0x05, 0xff, 0xfb, 0x00, 0x00, 0x05, 0xff, 0xfb, 0x00, 0x00, 0x05,
    0xff, 0xfb, 0x00, 0x00, 0x05, 0xff, 0xfb, 0x00, 0x00, 0x05, 0xff, 0xfb, 0x00, 0x00, 0x05, 0xff, 0xfb, 0x00,
    0x00, 0x05, 0xff, 0xfb, 0x00, 0x00, 0x05, 0xff, 0xfb, 0x00, 0x00, 0x05, 0xff, 0xfb, 0x00, 0x00, 0x05, 0xff,
    0xfb, 0x00, 0x00, 0x05, 0xff, 0xfb, 0x00, 0x00, 0x05, 0xff, 0xfb, 0x00, 0x00, 0x05, 0xff, 0xfa, 0x00, 0x00,
    0x08, 0xff, 0xf8, 0x00, 0x00, 0x3e, 0xff, 0xf4, 0x00, 0xbf, 0xff, 0xff, 0xc0, 0x00, 0xbf, 0xff, 0xfe, 0x20,
    0x00, 0xbf, 0xfd, 0x91, 0x00, 0x00, 0x05, 0xff, 0xfb, 0x00, 0x00, 0x00, 0x00, 0x00, 0x05, 0xff, 0xfb, 0x00,
    0x00, 0x00, 0x00, 0x00, 0x05, 0xff, 0xfb, 0x00, 0x00, 0x00, 0x00, 0x00, 0x05, 0xff, 0xfb, 0x00, 0x00, 0x00,
    0x00, 0x00, 0x05, 0xff, 0xfb, 0x00, 0x00, 0x00, 0x00, 0x00, 0x05, 0xff, 0xfb, 0x00, 0x00, 0x00, 0x00, 0x00,
    0x05, 0xff, 0xfb, 0x00, 0x0b, 0xff, 0xfe, 0x10, 0x05, 0xff, 0xfb, 0x00, 0x5f, 0xff, 0xf4, 0x00, 0x05, 0xff,
    0xfb, 0x01, 0xef, 0xff, 0x70, 0x00, 0x05, 0xff, 0xfb, 0x0a, 0xff, 0xfb, 0x00, 0x00, 0x05, 0xff, 0xfb, 0x4f,
    0xff, 0xe1, 0x00, 0x00, 0x05, 0xff, 0xfc, 0xef, 0xff, 0x30, 0x00, 0x00, 0x05, 0xff, 0xfe, 0xff, 0xfe, 0x10,
    0x00, 0x00, 0x05, 0xff, 0xfb, 0xaf, 0xff, 0xb0, 0x00, 0x00, 0x05, 0xff, 0xfb, 0x1e, 0xff, 0xf7, 0x00, 0x00,
    0x05, 0xff, 0xfb, 0x05, 0xff, 0xff, 0x30, 0x00, 0x05, 0xff, 0xfb, 0x00, 0xbf, 0xff, 0xd0, 0x00, 0x05, 0xff,
    0xfb, 0x00, 0x1f, 0xff, 0xfa, 0x00, 0x05, 0xff, 0xfb, 0x00, 0x06, 0xff, 0xff, 0x50, 0x05, 0xff, 0xfb, 0x00,
    0x05, 0xff, 0xfb, 0x00, 0x05, 0xff, 0xfb, 0x00, 0x05, 0xff, 0xfb, 0x00, 0x05, 0xff, 0xfb, 0x00, 0x05, 0xff,
    0xfb, 0x00, 0x05, 0xff, 0xfb, 0x00, 0x05, 0xff, 0xfb, 0x00, 0x05, 0xff, 0xfb, 0x00, 0x05, 0xff, 0xfb, 0x00,
    0x05, 0xff, 0xfb, 0x00, 0x05, 0xff, 0xfb, 0x00, 0x05, 0xff, 0xfb, 0x00, 0x05, 0xff, 0xfb, 0x00, 0x05, 0xff,
    0xfb, 0x00, 0x05, 0xff, 0xfb, 0x00, 0x05, 0xff, 0xfb, 0x00, 0x05, 0xff, 0xfb, 0x00, 0x05, 0xff, 0xfb, 0x00,
    0x05, 0xff, 0xfb, 0x05, 0xcf, 0xeb, 0x30, 0x05, 0xce, 0xfc, 0x50, 0x00, 0x05, 0xff, 0xfb, 0x9f, 0xff, 0xff,
    0xf3, 0x8f, 0xff, 0xff, 0xf6, 0x00, 0x05, 0xff, 0xff, 0xff, 0xff, 0xff, 0xfe, 0xff, 0xff, 0xff, 0xfe, 0x00,
    0x05, 0xff, 0xff, 0xa1, 0x1b, 0xff, 0xff, 0xe3, 0x17, 0xff, 0xff, 0x20, 0x05, 0xff, 0xfe, 0x00, 0x02, 0xff,
    0xff, 0x40, 0x00, 0xdf, 0xff, 0x40, 0x05, 0xff, 0xfc, 0x00, 0x00, 0xff, 0xff, 0x10, 0x00, 0xbf, 0xff, 0x50,
    0x05, 0xff, 0xfb, 0x00, 0x00, 0xff, 0xff, 0x00, 0x00, 0xaf, 0xff, 0x50, 0x05, 0xff, 0xfb, 0x00, 0x00, 0xff,
    0xff, 0x00, 0x00, 0xaf, 0xff, 0x50, 0x05, 0xff, 0xfb, 0x00, 0x00, 0xff, 0xff, 0x00, 0x00, 0xaf, 0xff, 0x50,
    0x05, 0xff, 0xfb, 0x00, 0x00, 0xff, 0xff, 0x00, 0x00, 0xaf, 0xff, 0x50, 0x05, 0xff, 0xfb, 0x00, 0x00, 0xff,
    0xff, 0x00, 0x00, 0xaf, 0xff, 0x50, 0x05, 0xff, 0xfb, 0x00, 0x00, 0xff, 0xff, 0x00, 0x00, 0xaf, 0xff, 0x50,
    0x05, 0xff, 0xfb, 0x00, 0x00, 0xff, 0xff, 0x00, 0x00, 0xaf, 0xff, 0x50, 0x05, 0xff, 0xfb, 0x05, 0xcf, 0xfc,
    0x40, 0x00, 0x05, 0xff, 0xfb, 0x9f, 0xff, 0xff, 0xf4, 0x00, 0x05, 0xff, 0xff, 0xff, 0xff, 0xff, 0xfc, 0x00,
    0x05, 0xff, 0xff, 0xb2, 0x19, 0xff, 0xff, 0x10, 0x05, 0xff, 0xfe, 0x00, 0x00, 0xff, 0xff, 0x30, 0x05, 0xff,
    0xfb, 0x00, 0x00, 0xcf, 0xff, 0x30, 0x05, 0xff, 0xfb, 0x00, 0x00, 0xcf, 0xff, 0x40, 0x05, 0xff, 0xfb, 0x00,
    0x00, 0xcf, 0xff, 0x40, 0x05, 0xff, 0xfb, 0x00, 0x00, 0xcf, 0xff, 0x40, 0x05, 0xff, 0xfb, 0x00, 0x00, 0xcf,
    0xff, 0x40, 0x05, 0xff, 0xfb, 0x00, 0x00, 0xcf, 0xff, 0x40, 0x05, 0xff, 0xfb, 0x00, 0x00, 0xcf, 0xff, 0x40,
    0x05, 0xff, 0xfb, 0x00, 0x00, 0xcf, 0xff, 0x40, 0x00, 0x00, 0x4a, 0xdf, 0xfe, 0xa5, 0x00, 0x00, 0x00, 0x1b,
    0xff, 0xff, 0xff, 0xff, 0xb1, 0x00, 0x00, 0xcf, 0xff, 0xff, 0xff, 0xff, 0xfc, 0x00, 0x06, 0xff, 0xff, 0x61,
    0x16, 0xff, 0xff, 0x60, 0x0c, 0xff, 0xf7, 0x00, 0x00, 0x8f, 0xff, 0xb0, 0x0f, 0xff, 0xf1, 0x00, 0x00, 0x3f,
    0xff, 0xe0, 0x0f, 0xff, 0xf0, 0x00, 0x00, 0x2f, 0xff, 0xf0, 0x0f, 0xff, 0xf1, 0x00, 0x00, 0x3f, 0xff, 0xe0,
    0x0d, 0xff, 0xf6, 0x00, 0x00, 0x8f, 0xff, 0xa0, 0x07, 0xff, 0xff, 0x51, 0x16, 0xff, 0xff, 0x40, 0x00, 0xdf,
    0xff, 0xff, 0xff, 0xff, 0xfa, 0x00, 0x00, 0x1c, 0xff, 0xff, 0xff, 0xff, 0xa0, 0x00, 0x00, 0x00, 0x5b, 0xef,
    0xfd, 0xa4, 0x00, 0x00, 0x05, 0xff, 0xfb, 0x06, 0xcf, 0xfc, 0x60, 0x00, 0x05, 0xff, 0xfb, 0xaf, 0xff, 0xff,
    0xfa, 0x00, 0x05, 0xff, 0xff, 0xff, 0xff, 0xff, 0xff, 0x50, 0x05, 0xff, 0xff, 0xc3, 0x03, 0xdf, 0xff, 0xc0,
    0x05, 0xff, 0xff, 0x10, 0x00, 0x3f, 0xff, 0xf0, 0x05, 0xff, 0xfb, 0x00, 0x00, 0x0f, 0xff, 0xf2, 0x05, 0xff,
    0xfa, 0x00, 0x00, 0x0f, 0xff, 0xf2, 0x05, 0xff, 0xfb, 0x00, 0x00, 0x1f, 0xff, 0xf1, 0x05, 0xff, 0xfe, 0x00,
    0x00, 0x6f, 0xff, 0xe0, 0x05, 0xff, 0xff, 0xb2, 0x15, 0xff, 0xff, 0x80, 0x05, 0xff, 0xff, 0xff, 0xff, 0xff,
    0xfe, 0x10, 0x05, 0xff, 0xfc, 0xef, 0xff, 0xff, 0xf3, 0x00, 0x05, 0xff, 0xfb, 0x1a, 0xef, 0xd9, 0x10, 0x00,
    0x05, 0xff, 0xfb, 0x00, 0x00, 0x00, 0x00, 0x00, 0x05, 0xff, 0xfb, 0x00, 0x00, 0x00, 0x00, 0x00, 0x05, 0xff,
    0xfb, 0x00, 0x00, 0x00, 0x00, 0x00, 0x05, 0xff, 0xfb, 0x00, 0x00, 0x00, 0x00, 0x00, 0x05, 0xff, 0xfb, 0x00,
    0x00, 0x00, 0x00, 0x00, 0x05, 0xff, 0xfb, 0x00, 0x00, 0x00, 0x00, 0x00, 0x00, 0x01, 0x8d, 0xfe, 0xb2, 0x9f,
    0xff, 0x60, 0x00, 0x2e, 0xff, 0xff, 0xff, 0xcf, 0xff, 0x60, 0x00, 0xdf, 0xff, 0xff, 0xff, 0xff, 0xff, 0x60,
    0x07, 0xff, 0xff, 0x61, 0x2a, 0xff, 0xff, 0x60, 0x0c, 0xff, 0xf7, 0x00, 0x00, 0xdf, 0xff, 0x60, 0x0f, 0xff,
    0xf2, 0x00, 0x00, 0x9f, 0xff, 0x60, 0x0f, 0xff, 0xf0, 0x00, 0x00, 0x8f, 0xff, 0x60, 0x0f, 0xff, 0xf1, 0x00,
    0x00, 0xaf, 0xff, 0x60, 0x0e, 0xff, 0xf6, 0x00, 0x00, 0xef, 0xff, 0x60, 0x0a, 0xff, 0xfe, 0x50, 0x2b, 0xff,
    0xff, 0x60, 0x03, 0xff, 0xff, 0xff, 0xff, 0xff, 0xff, 0x60, 0x00, 0x6f, 0xff, 0xff, 0xfd, 0xaf, 0xff, 0x60,
    0x00, 0x03, 0xbe, 0xfd, 0x80, 0x9f, 0xff, 0x60, 0x00, 0x00, 0x00, 0x00, 0x00, 0x9f, 0xff, 0x60, 0x00, 0x00,
    0x00, 0x00, 0x00, 0x9f, 0xff, 0x60, 0x00, 0x00, 0x00, 0x00, 0x00, 0x9f, 0xff, 0x60, 0x00, 0x00, 0x00, 0x00,
    0x00, 0x9f, 0xff, 0x60, 0x00, 0x00, 0x00, 0x00, 0x00, 0x9f, 0xff, 0x60, 0x00, 0x00, 0x00, 0x00, 0x00, 0x9f,
    0xff, 0x60, 0x05, 0xff, 0xfb, 0x1a, 0xef, 0x20, 0x05, 0xff, 0xfb, 0xcf, 0xff, 0x20, 0x05, 0xff, 0xff, 0xff,
    0xff, 0x20, 0x05, 0xff, 0xff, 0xd3, 0x02, 0x10, 0x05, 0xff, 0xff, 0x30, 0x00, 0x00, 0x05, 0xff, 0xfd, 0x00,
    0x00, 0x00, 0x05, 0xff, 0xfb, 0x00, 0x00, 0x00, 0x05, 0xff, 0xfb, 0x00, 0x00, 0x00, 0x05, 0xff, 0xfb, 0x00,
    0x00, 0x00, 0x05, 0xff, 0xfb, 0x00, 0x00, 0x00, 0x05, 0xff, 0xfb, 0x00, 0x00, 0x00, 0x05, 0xff, 0xfb, 0x00,
    0x00, 0x00, 0x05, 0xff, 0xfb, 0x00, 0x00, 0x00, 0x00, 0x17, 0xce, 0xfe, 0xc8, 0x00, 0x02, 0xef, 0xff, 0xff,
    0xff, 0x00, 0x0d, 0xff, 0xff, 0xff, 0xff, 0x00, 0x1f, 0xff, 0xe2, 0x01, 0x5c, 0x00, 0x1f, 0xff, 0xf7, 0x00,
    0x00, 0x00, 0x0c, 0xff, 0xff, 0xfa, 0x40, 0x00, 0x02, 0xdf, 0xff, 0xff, 0xfa, 0x00, 0x00, 0x05, 0xcf, 0xff,
    0xff, 0x70, 0x00, 0x00, 0x01, 0x9f, 0xff, 0xb0, 0x2b, 0x52, 0x00, 0x4f, 0xff, 0xb0, 0x2f, 0xff, 0xff, 0xff,
    0xff, 0x60, 0x2f, 0xff, 0xff, 0xff, 0xfa, 0x00, 0x08, 0xce, 0xfe, 0xda, 0x40, 0x00, 0x00, 0x01, 0x6a, 0x90,
    0x00, 0x00, 0x5f, 0xff, 0xa0, 0x00, 0x00, 0x6f, 0xff, 0xa0, 0x00, 0x00, 0x6f, 0xff, 0xa0, 0x00, 0x7f, 0xff,
    0xff, 0xff, 0xf8, 0x7f, 0xff, 0xff, 0xff, 0xf8, 0x7f, 0xff, 0xff, 0xff, 0xf8, 0x00, 0x6f, 0xff, 0xa0, 0x00,
    0x00, 0x6f, 0xff, 0xa0, 0x00, 0x00, 0x6f, 0xff, 0xa0, 0x00, 0x00, 0x6f, 0xff, 0xa0, 0x00, 0x00, 0x6f, 0xff,
    0xa0, 0x00, 0x00, 0x5f, 0xff, 0xa0, 0x00, 0x00, 0x5f, 0xff, 0xf3, 0x00, 0x00, 0x2f, 0xff, 0xff, 0xf8, 0x00,
    0x0a, 0xff, 0xff, 0xf8, 0x00, 0x00, 0x7d, 0xff, 0xf8, 0x08, 0xff, 0xf7, 0x00, 0x00, 0xff, 0xff, 0x00, 0x08,
    0xff, 0xf7, 0x00, 0x00, 0xff, 0xff, 0x00, 0x08, 0xff, 0xf7, 0x00, 0x00, 0xff, 0xff, 0x00, 0x08, 0xff, 0xf7,
    0x00, 0x00, 0xff, 0xff, 0x00, 0x08, 0xff, 0xf7, 0x00, 0x00, 0xff, 0xff, 0x00, 0x08, 0xff, 0xf7, 0x00, 0x00,
    0xff, 0xff, 0x00, 0x08, 0xff, 0xf7, 0x00, 0x00, 0xff, 0xff, 0x00, 0x08, 0xff, 0xf8, 0x00, 0x00, 0xff, 0xff,
    0x00, 0x07, 0xff, 0xfa, 0x00, 0x03, 0xff, 0xff, 0x00, 0x05, 0xff, 0xff, 0x50, 0x3d, 0xff, 0xff, 0x00, 0x01,
    0xff, 0xff, 0xff, 0xff, 0xff, 0xff, 0x00, 0x00, 0x7f, 0xff, 0xff, 0xf5, 0xff, 0xff, 0x00, 0x00, 0x06, 0xcf,
    0xfb, 0x40, 0xff, 0xff, 0x00, 0xcf, 0xff, 0x70, 0x00, 0x04, 0xff, 0xfd, 0x00, 0x6f, 0xff, 0xc0, 0x00, 0x08,
    0xff, 0xf8, 0x00, 0x1f, 0xff, 0xf1, 0x00, 0x0d, 0xff, 0xf2, 0x00, 0x0b, 0xff, 0xf5, 0x00, 0x2f, 0xff, 0xc0,
    0x00, 0x05, 0xff, 0xf9, 0x00, 0x6f, 0xff, 0x60, 0x00, 0x00, 0xff, 0xfe, 0x00, 0xbf, 0xff, 0x00, 0x00, 0x00,
    0xaf, 0xff, 0x20, 0xff, 0xfa, 0x00, 0x00, 0x00, 0x4f, 0xff, 0x74, 0xff, 0xf4, 0x00, 0x00, 0x00, 0x0e, 0xff,
    0xb8, 0xff, 0xe0, 0x00, 0x00, 0x00, 0x09, 0xff, 0xec, 0xff, 0x80, 0x00, 0x00, 0x00, 0x03, 0xff, 0xff, 0xff,
    0x20, 0x00, 0x00, 0x00, 0x00, 0xdf, 0xff, 0xfc, 0x00, 0x00, 0x00, 0x00, 0x00, 0x8f, 0xff, 0xf6, 0x00, 0x00,
    0x00, 0xaf, 0xff, 0x60, 0x00, 0x5f, 0xff, 0xb0, 0x00, 0x4f, 0xff, 0x50, 0x6f, 0xff, 0x90, 0x00, 0x9f, 0xff,
    0xf0, 0x00, 0x8f, 0xff, 0x10, 0x1f, 0xff, 0xd0, 0x00, 0xdf, 0xff, 0xf3, 0x00, 0xbf, 0xfc, 0x00, 0x0c, 0xff,
    0xf0, 0x01, 0xff, 0xff, 0xf7, 0x00, 0xef, 0xf8, 0x00, 0x08, 0xff, 0xf3, 0x06, 0xff, 0xbf, 0xfb, 0x01, 0xff,
    0xf3, 0x00, 0x03, 0xff, 0xf7, 0x0a, 0xff, 0x6f, 0xfe, 0x04, 0xff, 0xe0, 0x00, 0x00, 0xff, 0xfa, 0x0e, 0xfc,
    0x1f, 0xff, 0x27, 0xff, 0xa0, 0x00, 0x00, 0xaf, 0xfd, 0x2f, 0xf8, 0x0d, 0xff, 0x6b, 0xff, 0x50, 0x00, 0x00,
    0x6f, 0xff, 0x8f, 0xf3, 0x09, 0xff, 0xae, 0xff, 0x10, 0x00, 0x00, 0x1f, 0xff, 0xdf, 0xf0, 0x05, 0xff, 0xcf,
    0xfc, 0x00, 0x00, 0x00, 0x0d, 0xff, 0xff, 0xb0, 0x01, 0xff, 0xff, 0xf7, 0x00, 0x00, 0x00, 0x08, 0xff, 0xff,
    0x60, 0x00, 0xdf, 0xff, 0xf3, 0x00, 0x00, 0x00, 0x04, 0xff, 0xff, 0x20, 0x00, 0x9f, 0xff, 0xe0, 0x00, 0x00,
    0x4f, 0xff, 0xf4, 0x00, 0x06, 0xff, 0xfd, 0x00, 0x0a, 0xff, 0xfc, 0x00, 0x0e, 0xff, 0xf3, 0x00, 0x01, 0xff,
    0xff, 0x40, 0x6f, 0xff, 0x80, 0x00, 0x00, 0x6f, 0xff, 0xc0, 0xef, 0xfd, 0x00, 0x00, 0x00, 0x0c, 0xff, 0xfa,
    0xff, 0xf3, 0x00, 0x00, 0x00, 0x02, 0xff, 0xff, 0xff, 0x70, 0x00, 0x00, 0x00, 0x00, 0xaf, 0xff, 0xff, 0x20,
    0x00, 0x00, 0x00, 0x02, 0xff, 0xff, 0xff, 0xb0, 0x00, 0x00, 0x00, 0x0d, 0xff, 0xfc, 0xff, 0xf5, 0x00, 0x00,
    0x00, 0x8f, 0xff, 0x84, 0xff, 0xfe, 0x10, 0x00, 0x03, 0xff, 0xff, 0x10, 0xbf, 0xff, 0xa0, 0x00, 0x0d, 0xff,
    0xf8, 0x00, 0x3f, 0xff, 0xf4, 0x00, 0x8f, 0xff, 0xe0, 0x00, 0x0a, 0xff, 0xfd, 0x00, 0x0d, 0xff, 0xf8, 0x00,
    0x00, 0x1f, 0xff, 0xd0, 0x06, 0xff, 0xfd, 0x00, 0x00, 0x5f, 0xff, 0x70, 0x01, 0xff, 0xff, 0x20, 0x00, 0xaf,
    0xff, 0x10, 0x00, 0x9f, 0xff, 0x70, 0x00, 0xff, 0xfb, 0x00, 0x00, 0x3f, 0xff, 0xc0, 0x04, 0xff, 0xf5, 0x00,
    0x00, 0x0c, 0xff, 0xf1, 0x09, 0xff, 0xf0, 0x00, 0x00, 0x06, 0xff, 0xf6, 0x0e, 0xff, 0x90, 0x00, 0x00, 0x00,
    0xff, 0xfb, 0x3f, 0xff, 0x30, 0x00, 0x00, 0x00, 0x9f, 0xff, 0x8f, 0xfd, 0x00, 0x00, 0x00, 0x00, 0x2f, 0xff,
    0xef, 0xf7, 0x00, 0x00, 0x00, 0x00, 0x0c, 0xff, 0xff, 0xf1, 0x00, 0x00, 0x00, 0x00, 0x05, 0xff, 0xff, 0xb0,
    0x00, 0x00, 0x00, 0x00, 0x00, 0xef, 0xff, 0x50, 0x00, 0x00, 0x00, 0x00, 0x00, 0xff, 0xfe, 0x00, 0x00, 0x00,
    0x00, 0x00, 0x07, 0xff, 0xf8, 0x00, 0x00, 0x00, 0x00, 0x00, 0x4f, 0xff, 0xf1, 0x00, 0x00, 0x00, 0x05, 0xff,
    0xff, 0xff, 0x70, 0x00, 0x00, 0x00, 0x05, 0xff, 0xff, 0xf9, 0x00, 0x00, 0x00, 0x00, 0x05, 0xff, 0xfc, 0x50,
    0x00, 0x00, 0x00, 0x00, 0x0f, 0xff, 0xff, 0xff, 0xff, 0xff, 0x0f, 0xff, 0xff, 0xff, 0xff, 0xff, 0x0f, 0xff,
    0xff, 0xff, 0xff, 0xf9, 0x00, 0x00, 0x00, 0x8f, 0xff, 0xc0, 0x00, 0x00, 0x05, 0xff, 0xfe, 0x10, 0x00, 0x00,
    0x2f, 0xff, 0xf4, 0x00, 0x00, 0x00, 0xdf, 0xff, 0x70, 0x00, 0x00, 0x0b, 0xff, 0xfa, 0x00, 0x00, 0x00, 0x7f,
    0xff, 0xd0, 0x00, 0x00, 0x04, 0xff, 0xff, 0x20, 0x00, 0x00, 0x2e, 0xff, 0xff, 0xff, 0xff, 0xff, 0xaf, 0xff,
    0xff, 0xff, 0xff, 0xff, 0xbf, 0xff, 0xff, 0xff, 0xff, 0xff, 0x00, 0x00, 0x07, 0xcf, 0x80, 0x00, 0x00, 0xcf,
    0xff, 0x90, 0x00, 0x06, 0xff, 0xf4, 0x00, 0x00, 0x09, 0xff, 0xa0, 0x00, 0x00, 0x0b, 0xff, 0x80, 0x00, 0x00,
    0x0b, 0xff, 0x80, 0x00, 0x00, 0x0b, 0xff, 0x80, 0x00, 0x00, 0x0b, 0xff, 0x70, 0x00, 0x00, 0x0d, 0xff, 0x50,
    0x00, 0x00, 0x6f, 0xff, 0x10, 0x00, 0x0a, 0xff, 0xe5, 0x00, 0x00, 0x0a, 0xff, 0xe4, 0x00, 0x00, 0x00, 0x6f,
    0xff, 0x10, 0x00, 0x00, 0x0d, 0xff, 0x50, 0x00, 0x00, 0x0b, 0xff, 0x70, 0x00, 0x00, 0x0b, 0xff, 0x80, 0x00,
    0x00, 0x0b, 0xff, 0x80, 0x00, 0x00, 0x0b, 0xff, 0x80, 0x00, 0x00, 0x0a, 0xff, 0xa0, 0x00, 0x00, 0x06, 0xff,
    0xf3, 0x00, 0x00, 0x00, 0xdf, 0xff, 0x90, 0x00, 0x00, 0x08, 0xcf, 0x80, 0x00, 0x5f, 0xfd, 0x00, 0x00, 0x5f,
    0xfd, 0x00, 0x00, 0x5f, 0xfd, 0x00, 0x00, 0x5f, 0xfd, 0x00, 0x00, 0x5f, 0xfd, 0x00, 0x00, 0x5f, 0xfd, 0x00,
    0x00, 0x5f, 0xfd, 0x00, 0x00, 0x5f, 0xfd, 0x00, 0x00, 0x5f, 0xfd, 0x00, 0x00, 0x5f, 0xfd, 0x00, 0x00, 0x5f,
    0xfd, 0x00, 0x00, 0x5f, 0xfd, 0x00, 0x00, 0x5f, 0xfd, 0x00, 0x00, 0x5f, 0xfd, 0x00, 0x00, 0x5f, 0xfd, 0x00,
    0x00, 0x5f, 0xfd, 0x00, 0x00, 0x5f, 0xfd, 0x00, 0x00, 0x5f, 0xfd, 0x00, 0x00, 0x5f, 0xfd, 0x00, 0x00, 0x5f,
    0xfd, 0x00, 0x00, 0x5f, 0xfd, 0x00, 0x00, 0x5f, 0xfd, 0x00, 0x00, 0x5f, 0xfd, 0x00, 0x00, 0x5f, 0xfd, 0x00,
    0x00, 0x5f, 0xfd, 0x00, 0x00, 0x5f, 0xfd, 0x00, 0x0e, 0xeb, 0x40, 0x00, 0x00, 0x0f, 0xff, 0xf7, 0x00, 0x00,
    0x01, 0x9f, 0xff, 0x00, 0x00, 0x00, 0x0f, 0xff, 0x30, 0x00, 0x00, 0x0e, 0xff, 0x40, 0x00, 0x00, 0x0e, 0xff,
    0x50, 0x00, 0x00, 0x0e, 0xff, 0x50, 0x00, 0x00, 0x0d, 0xff, 0x50, 0x00, 0x00, 0x0b, 0xff, 0x70, 0x00, 0x00,
    0x06, 0xff, 0xd2, 0x00, 0x00, 0x00, 0xaf, 0xff, 0x40, 0x00, 0x00, 0x9f, 0xff, 0x40, 0x00, 0x06, 0xff, 0xd2,
    0x00, 0x00, 0x0c, 0xff, 0x70, 0x00, 0x00, 0x0d, 0xff, 0x50, 0x00, 0x00, 0x0e, 0xff, 0x50, 0x00, 0x00, 0x0e,
    0xff, 0x50, 0x00, 0x00, 0x0e, 0xff, 0x40, 0x00, 0x00, 0x0f, 0xff, 0x30, 0x00, 0x00, 0x8f, 0xff, 0x00, 0x00,
    0x0f, 0xff, 0xf7, 0x00, 0x00, 0x0e, 0xeb, 0x50, 0x00, 0x00, 0x00, 0x00, 0x6d, 0xfd, 0x71, 0x00, 0x0b, 0xfd,
    0x00, 0x00, 0x07, 0xff, 0xff, 0xff, 0x71, 0x4f, 0xfb, 0x00, 0x00, 0x0e, 0xff, 0xff, 0xff, 0xff, 0xff, 0xf6,
    0x00, 0x00, 0x4f, 0xf9, 0x03, 0xbf, 0xff, 0xff, 0xd0, 0x00, 0x00, 0x7f, 0xf2, 0x00, 0x04, 0xbf, 0xfa, 0x10,
    0x00, 0x00, 0x00, 0x00, 0x00, 0x00, 0x00, 0x00, 0x00, 0x00, 0x00, 0x00, 0x00, 0x00, 0x00, 0x00, 0x00, 0x00,
    0x00, 0x00, 0x00, 0x00, 0x00, 0x00, 0x00, 0x00, 0x00, 0x00, 0x00, 0x00, 0x00, 0x00, 0x00, 0x00, 0x00, 0x00,
    0x00, 0x00, 0x00, 0x00, 0x00, 0x00, 0x00, 0x00, 0x00, 0x00,
};

static const ui_glyph_t ui_font_title_glyphs[] = {
    {0, 0, 0, 0, 7, 0},
    {9, 18, 0, 11, 9, 0},
    {13, 18, 0, 11, 13, 90},
    {15, 18, 0, 11, 15, 216},
    {15, 23, 0, 9, 15, 360},
    {23, 18, 0, 11, 23, 544},
    {22, 18, 0, 11, 22, 760},
    {8, 18, 0, 11, 8, 958},
    {10, 22, 0, 11, 10, 1030},
    {10, 22, 0, 11, 10, 1140},
    {12, 18, 0, 11, 12, 1250},
    {18, 14, 0, 15, 18, 1358},
    {7, 6, 0, 26, 7, 1484},
    {11, 8, 0, 21, 11, 1508},
    {7, 4, 0, 25, 7, 1556},
    {13, 21, -1, 11, 12, 1572},
    {15, 18, 0, 11, 15, 1719},
    {15, 18, 0, 11, 15, 1863},
    {15, 18, 0, 11, 15, 2007},
    {15, 18, 0, 11, 15, 2151},
    {15, 18, 0, 11, 15, 2295},
    {15, 18, 0, 11, 15, 2439},
    {15, 18, 0, 11, 15, 2583},
    {15, 18, 0, 11, 15, 2727},
    {15, 18, 0, 11, 15, 2871},
    {15, 18, 0, 11, 15, 3015},
    {7, 13, 0, 16, 7, 3159},
    {7, 16, 0, 16, 7, 3211},
    {18, 13, 0, 16, 18, 3275},
    {18, 11, 0, 18, 18, 3392},
    {18, 13, 0, 16, 18, 3491},
    {11, 18, 0, 11, 11, 3608},
    {25, 20, 0, 11, 25, 3716},
    {19, 18, 0, 11, 18, 3976},
    {17, 18, 0, 11, 17, 4156},
    {16, 18, 0, 11, 16, 4318},
    {19, 18, 0, 11, 19, 4462},
    {14, 18, 0, 11, 14, 4642},
    {14, 18, 0, 11, 14, 4768},
    {18, 18, 0, 11, 18, 4894},
    {20, 18, 0, 11, 20, 5056},
    {8, 18, 0, 11, 8, 5236},
    {12, 18, 0, 11, 12, 5308},
    {18, 18, 0, 11, 17, 5416},
    {13, 18, 0, 11, 13, 5578},
    {25, 18, 0, 11, 25, 5704},
    {21, 18, 0, 11, 21, 5938},
    {20, 18, 0, 11, 20, 6136},
    {16, 18, 0, 11, 16, 6316},
    {21, 20, 0, 11, 20, 6460},
    {18, 18, 0, 11, 17, 6680},
    {15, 18, 0, 11, 15, 6842},
    {15, 18, 0, 11, 15, 6986},
    {19, 18, 0, 11, 19, 7130},
    {18, 18, 0, 11, 17, 7310},
    {26, 18, 0, 11, 26, 7472},
    {17, 18, 0, 11, 17, 7706},
    {16, 18, 0, 11, 16, 7868},
    {16, 18, 0, 11, 16, 8012},
    {10, 23, 0, 11, 10, 8156},
    {13, 21, 0, 11, 11, 8271},
    {10, 23, 0, 11, 10, 8418},
    {18, 18, 0, 11, 18, 8533},
    {11, 4, 0, 29, 11, 8695},
    {8, 19, 0, 10, 8, 8719},
    {14, 13, 0, 16, 14, 8795},
    {16, 19, 0, 10, 16, 8886},
    {12, 13, 0, 16, 12, 9038},
    {16, 19, 0, 10, 16, 9116},
    {14, 13, 0, 16, 14, 9268},
    {11, 19, 0, 10, 10, 9359},
    {16, 19, 0, 16, 16, 9473},
    {16, 19, 0, 10, 16, 9625},
    {7, 19, 0, 10, 7, 9777},
    {9, 25, -2, 10, 7, 9853},
    {15, 19, 0, 10, 15, 9978},
    {7, 19, 0, 10, 7, 10130},
    {24, 13, 0, 16, 24, 10206},
    {16, 13, 0, 16, 16, 10362},
    {16, 13, 0, 16, 16, 10466},
    {16, 19, 0, 16, 16, 10570},
    {16, 19, 0, 16, 16, 10722},
    {11, 13, 0, 16, 10, 10874},
    {11, 13, 0, 16, 11, 10952},
    {10, 17, 0, 12, 10, 11030},
    {16, 13, 0, 16, 16, 11115},
    {15, 13, 0, 16, 14, 11219},
    {21, 13, 0, 16, 21, 11323},
    {15, 13, 0, 16, 14, 11466},
    {16, 19, -1, 16, 14, 11570},
    {12, 13, 0, 16, 12, 11722},
    {10, 22, 0, 11, 10, 11800},
    {8, 26, 0, 9, 8, 11910},
    {10, 22, 0, 11, 10, 12014},
    {18, 10, 0, 19, 18, 12124},
};

static const ui_font_t ui_font_title = {
    ui_font_title_bitmap, ui_font_title_glyphs, 32, 95, 36, 29,
};

#endif
